Suburb,HouseMedianPrice,HouseMedianPrice2Br,HouseMedianPrice3Br,HouseMedianPrice4Br,UnitMedianPrice,UnitMedianPrice1Br,UnitMedianPrice2Br,UnitMedianPrice3Br,HouseMedianRent,HouseMedianRent2Br,HouseMedianRent3Br,HouseMedianRent4Br,UnitMedianRent,UnitMedianRent1Br,UnitMedianRent2Br,UnitMedianRent3Br,House2BrSoldThisYear,House3BrSoldThisYear,House4BrSoldThisYear,Unit1BrSoldThisYear,Unit2BrSoldThisYear,Unit3BrSoldThisYear,House2BrDaysOnMarket,House3BrDaysOnMarket,House4BrDaysOnMarket,Unit1BrDaysOnMarket,Unit2BrDaysOnMarket,Unit3BrDaysOnMarket,House2BrClearanceRate,House3BrClearanceRate,House4BrClearanceRate,Unit1BrClearanceRate,Unit2BrClearanceRate,Unit3BrClearanceRate,VisitsPerProperty,StateVisitsPerProperty,PriceDataUpdateDate,RentDataUpdateDate
Abbotsbury,0,0,0,1047500,0,0,0,0,0,0,480,600,0,0,0,0,0,0,0,0,0,0,0,0,0,0,0,0,0,0,0,0,0,0,0,0,0001-01-01,0001-01-01
Abbotsford,0,0,0,0,0,0,1083000,1350000,0,0,825,0,0,0,560,800,0,0,0,0,0,0,0,0,0,0,0,0,0,0,0,0,0,0,0,0,0001-01-01,0001-01-01
Acacia Gardens,0,0,717000,830000,0,0,0,0,0,0,510,575,0,0,0,0,0,0,0,0,0,0,0,0,0,0,0,0,0,0,0,0,0,0,0,0,0001-01-01,0001-01-01
Agnes Banks,0,0,0,0,0,0,0,0,0,0,0,0,0,0,0,0,0,0,0,0,0,0,0,0,0,0,0,0,0,0,0,0,0,0,0,0,0001-01-01,0001-01-01
Airds,0,0,0,0,0,0,0,0,0,320,360,500,0,0,0,0,0,0,0,0,0,0,0,0,0,0,0,0,0,0,0,0,0,0,0,0,0001-01-01,0001-01-01
Alexandria,0,1215000,1598000,0,0,625000,828750,1680000,0,730,950,1273,0,540,670,900,0,0,0,0,0,0,0,0,0,0,0,0,0,0,0,0,0,0,0,0,0001-01-01,0001-01-01
Alfords Point,0,0,0,1180000,0,0,0,0,0,0,0,0,0,0,0,0,0,0,0,0,0,0,0,0,0,0,0,0,0,0,0,0,0,0,0,0,0001-01-01,0001-01-01
Allambie Heights,0,0,1432500,1782500,0,0,0,0,0,625,825,1250,0,0,650,0,0,0,0,0,0,0,0,0,0,0,0,0,0,0,0,0,0,0,0,0,0001-01-01,0001-01-01
Allawah,0,0,0,0,0,0,633000,0,0,460,620,0,0,325,460,550,0,0,0,0,0,0,0,0,0,0,0,0,0,0,0,0,0,0,0,0,0001-01-01,0001-01-01
Ambarvale,0,0,540000,620000,0,0,325000,0,0,310,395,435,0,0,310,0,0,0,0,0,0,0,0,0,0,0,0,0,0,0,0,0,0,0,0,0,0001-01-01,0001-01-01
Annandale,0,1340000,1738000,2630000,0,567500,0,0,0,700,910,1200,0,420,600,920,0,0,0,0,0,0,0,0,0,0,0,0,0,0,0,0,0,0,0,0,0001-01-01,0001-01-01
Annangrove,0,0,0,0,0,0,0,0,0,0,0,0,0,0,0,0,0,0,0,0,0,0,0,0,0,0,0,0,0,0,0,0,0,0,0,0,0001-01-01,0001-01-01
Arcadia,0,0,0,0,0,0,0,0,0,0,0,0,0,0,0,0,0,0,0,0,0,0,0,0,0,0,0,0,0,0,0,0,0,0,0,0,0001-01-01,0001-01-01
Arncliffe,0,0,1010000,0,0,0,660000,0,0,550,670,765,0,500,600,710,0,0,0,0,0,0,0,0,0,0,0,0,0,0,0,0,0,0,0,0,0001-01-01,0001-01-01
Arndell Park,0,0,0,0,0,0,0,0,0,0,0,0,0,0,0,0,0,0,0,0,0,0,0,0,0,0,0,0,0,0,0,0,0,0,0,0,0001-01-01,0001-01-01
Artarmon,0,0,2330000,0,0,0,917000,0,0,0,915,1123,0,450,575,720,0,0,0,0,0,0,0,0,0,0,0,0,0,0,0,0,0,0,0,0,0001-01-01,0001-01-01
Ashbury,0,0,1470000,0,0,0,0,0,0,0,645,0,0,0,0,0,0,0,0,0,0,0,0,0,0,0,0,0,0,0,0,0,0,0,0,0,0001-01-01,0001-01-01
Ashcroft,0,0,600000,0,0,0,0,0,0,350,400,0,0,0,0,0,0,0,0,0,0,0,0,0,0,0,0,0,0,0,0,0,0,0,0,0,0001-01-01,0001-01-01
Ashfield,0,930000,1482000,1755000,0,511000,690000,833000,0,560,700,875,0,420,500,650,0,0,0,0,0,0,0,0,0,0,0,0,0,0,0,0,0,0,0,0,0001-01-01,0001-01-01
Asquith,0,670000,685000,1150000,0,0,686250,0,0,480,570,773,0,430,510,640,0,0,0,0,0,0,0,0,0,0,0,0,0,0,0,0,0,0,0,0,0001-01-01,0001-01-01
Auburn,0,767500,820000,942500,0,377500,500000,602500,0,420,500,600,0,360,450,570,0,0,0,0,0,0,0,0,0,0,0,0,0,0,0,0,0,0,0,0,0001-01-01,0001-01-01
Austral,0,0,0,3400000,0,0,0,0,0,0,470,560,0,0,0,0,0,0,0,0,0,0,0,0,0,0,0,0,0,0,0,0,0,0,0,0,0001-01-01,0001-01-01
Avalon Beach,0,0,1585000,1743500,0,577500,797500,1220000,0,625,873,1350,0,450,600,0,0,0,0,0,0,0,0,0,0,0,0,0,0,0,0,0,0,0,0,0,0001-01-01,0001-01-01
Badgerys Creek,0,0,0,0,0,0,0,0,0,0,0,0,0,0,0,0,0,0,0,0,0,0,0,0,0,0,0,0,0,0,0,0,0,0,0,0,0001-01-01,0001-01-01
Balgowlah,0,0,2060000,2225000,0,0,890000,1655250,0,750,1000,1450,0,550,590,895,0,0,0,0,0,0,0,0,0,0,0,0,0,0,0,0,0,0,0,0,0001-01-01,0001-01-01
Balgowlah Heights,0,0,2242500,2732500,0,0,0,0,0,0,1048,1423,0,0,0,0,0,0,0,0,0,0,0,0,0,0,0,0,0,0,0,0,0,0,0,0,0001-01-01,0001-01-01
Balmain,0,1290000,1875000,2390000,0,739000,1047500,2510000,0,750,978,1300,0,538,730,943,0,0,0,0,0,0,0,0,0,0,0,0,0,0,0,0,0,0,0,0,0001-01-01,0001-01-01
Balmain East,0,0,0,0,0,0,0,0,0,900,0,0,0,490,695,0,0,0,0,0,0,0,0,0,0,0,0,0,0,0,0,0,0,0,0,0,0001-01-01,0001-01-01
Bangor,0,0,980500,1092500,0,0,0,0,0,0,663,765,0,0,0,0,0,0,0,0,0,0,0,0,0,0,0,0,0,0,0,0,0,0,0,0,0001-01-01,0001-01-01
Banksia,0,0,0,0,0,0,0,0,0,550,650,0,0,0,450,0,0,0,0,0,0,0,0,0,0,0,0,0,0,0,0,0,0,0,0,0,0001-01-01,0001-01-01
Banksmeadow,0,0,0,0,0,0,0,0,0,0,0,0,0,0,0,0,0,0,0,0,0,0,0,0,0,0,0,0,0,0,0,0,0,0,0,0,0001-01-01,0001-01-01
Bankstown,0,565000,876500,1015000,0,422500,480000,602000,0,420,500,650,0,340,420,530,0,0,0,0,0,0,0,0,0,0,0,0,0,0,0,0,0,0,0,0,0001-01-01,0001-01-01
Bankstown Aerodrome,0,0,0,0,0,0,0,0,0,0,0,0,0,0,0,0,0,0,0,0,0,0,0,0,0,0,0,0,0,0,0,0,0,0,0,0,0001-01-01,0001-01-01
Barangaroo,0,0,0,0,0,0,0,0,0,0,0,0,0,1150,1500,0,0,0,0,0,0,0,0,0,0,0,0,0,0,0,0,0,0,0,0,0,0001-01-01,0001-01-01
Barden Ridge,0,0,0,1285000,0,0,0,0,0,0,0,0,0,0,0,0,0,0,0,0,0,0,0,0,0,0,0,0,0,0,0,0,0,0,0,0,0001-01-01,0001-01-01
Bardia,0,0,631500,707500,0,0,0,0,0,363,500,550,0,0,0,0,0,0,0,0,0,0,0,0,0,0,0,0,0,0,0,0,0,0,0,0,0001-01-01,0001-01-01
Bardwell Park,0,0,0,0,0,0,0,0,0,0,0,0,0,0,0,0,0,0,0,0,0,0,0,0,0,0,0,0,0,0,0,0,0,0,0,0,0001-01-01,0001-01-01
Bardwell Valley,0,0,1125000,0,0,0,0,0,0,0,650,0,0,0,0,0,0,0,0,0,0,0,0,0,0,0,0,0,0,0,0,0,0,0,0,0,0001-01-01,0001-01-01
Bass Hill,0,0,805000,817000,0,0,0,695000,0,420,500,680,0,0,413,490,0,0,0,0,0,0,0,0,0,0,0,0,0,0,0,0,0,0,0,0,0001-01-01,0001-01-01
Baulkham Hills,0,0,1013750,1172000,0,0,690000,825000,0,450,550,650,0,430,500,555,0,0,0,0,0,0,0,0,0,0,0,0,0,0,0,0,0,0,0,0,0001-01-01,0001-01-01
Bayview,0,0,0,2100000,0,0,0,0,0,0,0,0,0,0,0,0,0,0,0,0,0,0,0,0,0,0,0,0,0,0,0,0,0,0,0,0,0001-01-01,0001-01-01
Beacon Hill,0,0,1315000,1477000,0,0,0,0,0,580,800,1000,0,373,600,0,0,0,0,0,0,0,0,0,0,0,0,0,0,0,0,0,0,0,0,0,0001-01-01,0001-01-01
Beaconsfield,0,0,0,0,0,0,0,0,0,0,895,0,0,540,660,975,0,0,0,0,0,0,0,0,0,0,0,0,0,0,0,0,0,0,0,0,0001-01-01,0001-01-01
Beaumont Hills,0,0,0,1138750,0,0,0,0,0,0,563,660,0,0,0,0,0,0,0,0,0,0,0,0,0,0,0,0,0,0,0,0,0,0,0,0,0001-01-01,0001-01-01
Beecroft,0,0,1520000,1652500,0,0,0,0,0,0,650,780,0,488,620,770,0,0,0,0,0,0,0,0,0,0,0,0,0,0,0,0,0,0,0,0,0001-01-01,0001-01-01
Belfield,0,0,1050000,0,0,0,0,0,0,470,600,710,0,0,520,0,0,0,0,0,0,0,0,0,0,0,0,0,0,0,0,0,0,0,0,0,0001-01-01,0001-01-01
Bella Vista,0,0,0,1500000,0,0,0,0,0,0,640,748,0,0,0,650,0,0,0,0,0,0,0,0,0,0,0,0,0,0,0,0,0,0,0,0,0001-01-01,0001-01-01
Bellevue Hill,0,0,0,5225000,0,695000,1015000,1847500,0,0,1200,2500,0,500,680,1100,0,0,0,0,0,0,0,0,0,0,0,0,0,0,0,0,0,0,0,0,0001-01-01,0001-01-01
Belmore,0,0,1150000,0,0,0,500750,0,0,475,560,700,0,330,400,528,0,0,0,0,0,0,0,0,0,0,0,0,0,0,0,0,0,0,0,0,0001-01-01,0001-01-01
Belrose,0,0,1477500,1520000,0,0,0,0,0,0,850,1100,0,0,0,0,0,0,0,0,0,0,0,0,0,0,0,0,0,0,0,0,0,0,0,0,0001-01-01,0001-01-01
Berala,0,0,821400,0,0,0,475400,0,0,425,520,575,0,305,380,550,0,0,0,0,0,0,0,0,0,0,0,0,0,0,0,0,0,0,0,0,0001-01-01,0001-01-01
Berkshire Park,0,0,0,0,0,0,0,0,0,0,0,0,0,0,0,0,0,0,0,0,0,0,0,0,0,0,0,0,0,0,0,0,0,0,0,0,0001-01-01,0001-01-01
Berowra,0,0,0,1140000,0,0,0,0,0,0,595,720,0,0,0,0,0,0,0,0,0,0,0,0,0,0,0,0,0,0,0,0,0,0,0,0,0001-01-01,0001-01-01
Berowra Creek,0,0,0,0,0,0,0,0,0,0,0,0,0,0,0,0,0,0,0,0,0,0,0,0,0,0,0,0,0,0,0,0,0,0,0,0,0001-01-01,0001-01-01
Berowra Heights,0,0,895000,1075000,0,0,0,0,0,0,580,698,0,0,0,0,0,0,0,0,0,0,0,0,0,0,0,0,0,0,0,0,0,0,0,0,0001-01-01,0001-01-01
Berowra Waters,0,0,0,0,0,0,0,0,0,0,0,0,0,0,0,0,0,0,0,0,0,0,0,0,0,0,0,0,0,0,0,0,0,0,0,0,0001-01-01,0001-01-01
Berrilee,0,0,0,0,0,0,0,0,0,0,0,0,0,0,0,0,0,0,0,0,0,0,0,0,0,0,0,0,0,0,0,0,0,0,0,0,0001-01-01,0001-01-01
Beverley Park,0,0,0,0,0,0,0,0,0,540,650,0,0,0,520,0,0,0,0,0,0,0,0,0,0,0,0,0,0,0,0,0,0,0,0,0,0001-01-01,0001-01-01
Beverly Hills,0,0,1100000,1150000,0,0,637500,0,0,490,595,670,0,320,450,550,0,0,0,0,0,0,0,0,0,0,0,0,0,0,0,0,0,0,0,0,0001-01-01,0001-01-01
Bexley,0,1015000,1062500,1259250,0,0,635000,775000,0,520,600,775,0,410,450,620,0,0,0,0,0,0,0,0,0,0,0,0,0,0,0,0,0,0,0,0,0001-01-01,0001-01-01
Bexley North,0,0,1292500,0,0,0,0,0,0,520,625,690,0,0,460,0,0,0,0,0,0,0,0,0,0,0,0,0,0,0,0,0,0,0,0,0,0001-01-01,0001-01-01
Bickley Vale,0,0,0,0,0,0,0,0,0,0,0,0,0,0,0,0,0,0,0,0,0,0,0,0,0,0,0,0,0,0,0,0,0,0,0,0,0001-01-01,0001-01-01
Bidwill,0,0,0,0,0,0,0,0,0,0,350,0,0,0,0,0,0,0,0,0,0,0,0,0,0,0,0,0,0,0,0,0,0,0,0,0,0001-01-01,0001-01-01
Bilgola Beach,0,0,0,0,0,0,0,0,0,0,0,0,0,0,0,0,0,0,0,0,0,0,0,0,0,0,0,0,0,0,0,0,0,0,0,0,0001-01-01,0001-01-01
Bilgola Plateau,0,0,1450000,1633000,0,0,0,0,0,625,895,1235,0,0,0,0,0,0,0,0,0,0,0,0,0,0,0,0,0,0,0,0,0,0,0,0,0001-01-01,0001-01-01
Birchgrove,0,0,1950000,0,0,0,0,0,0,770,1100,0,0,430,613,0,0,0,0,0,0,0,0,0,0,0,0,0,0,0,0,0,0,0,0,0,0001-01-01,0001-01-01
Birrong,0,0,796000,0,0,0,0,0,0,0,510,0,0,0,0,0,0,0,0,0,0,0,0,0,0,0,0,0,0,0,0,0,0,0,0,0,0001-01-01,0001-01-01
Blackett,0,0,490000,0,0,0,0,0,0,300,330,0,0,0,0,0,0,0,0,0,0,0,0,0,0,0,0,0,0,0,0,0,0,0,0,0,0001-01-01,0001-01-01
Blacktown,0,579000,665000,765000,0,0,435000,577500,0,370,430,490,0,300,400,450,0,0,0,0,0,0,0,0,0,0,0,0,0,0,0,0,0,0,0,0,0001-01-01,0001-01-01
Blair Athol,0,0,0,750000,0,0,0,0,0,0,440,520,0,0,0,0,0,0,0,0,0,0,0,0,0,0,0,0,0,0,0,0,0,0,0,0,0001-01-01,0001-01-01
Blairmount,0,0,0,0,0,0,0,0,0,0,0,0,0,0,0,0,0,0,0,0,0,0,0,0,0,0,0,0,0,0,0,0,0,0,0,0,0001-01-01,0001-01-01
Blakehurst,0,0,1332500,2050000,0,0,0,0,0,450,600,840,0,0,395,0,0,0,0,0,0,0,0,0,0,0,0,0,0,0,0,0,0,0,0,0,0001-01-01,0001-01-01
Bligh Park,0,0,647000,720000,0,0,0,0,0,368,420,510,0,0,0,0,0,0,0,0,0,0,0,0,0,0,0,0,0,0,0,0,0,0,0,0,0001-01-01,0001-01-01
Bondi,0,0,0,3035000,0,740000,1135000,1457500,0,775,1248,1900,0,570,750,1000,0,0,0,0,0,0,0,0,0,0,0,0,0,0,0,0,0,0,0,0,0001-01-01,0001-01-01
Bondi Beach,0,0,2350000,0,0,775000,1277500,1765000,0,863,1295,2050,0,600,800,1250,0,0,0,0,0,0,0,0,0,0,0,0,0,0,0,0,0,0,0,0,0001-01-01,0001-01-01
Bondi Junction,0,1507500,1985000,2525000,0,698500,1230000,1765000,0,850,1050,1550,0,630,825,1100,0,0,0,0,0,0,0,0,0,0,0,0,0,0,0,0,0,0,0,0,0001-01-01,0001-01-01
Bonnet Bay,0,0,0,1150000,0,0,0,0,0,0,0,0,0,0,0,0,0,0,0,0,0,0,0,0,0,0,0,0,0,0,0,0,0,0,0,0,0001-01-01,0001-01-01
Bonnyrigg,0,0,640000,721750,0,0,0,0,0,380,445,550,0,0,440,0,0,0,0,0,0,0,0,0,0,0,0,0,0,0,0,0,0,0,0,0,0001-01-01,0001-01-01
Bonnyrigg Heights,0,0,710500,797000,0,0,0,0,0,388,445,550,0,0,0,0,0,0,0,0,0,0,0,0,0,0,0,0,0,0,0,0,0,0,0,0,0001-01-01,0001-01-01
Bossley Park,0,0,731500,840000,0,0,0,0,0,400,500,570,0,0,0,0,0,0,0,0,0,0,0,0,0,0,0,0,0,0,0,0,0,0,0,0,0001-01-01,0001-01-01
Botany,0,0,1450000,1642500,0,637000,785000,1130000,0,643,805,1100,0,518,645,800,0,0,0,0,0,0,0,0,0,0,0,0,0,0,0,0,0,0,0,0,0001-01-01,0001-01-01
Bow Bowing,0,0,0,0,0,0,0,0,0,0,425,0,0,0,0,0,0,0,0,0,0,0,0,0,0,0,0,0,0,0,0,0,0,0,0,0,0001-01-01,0001-01-01
Box Hill,0,0,0,1010000,0,0,0,0,0,0,0,560,0,0,0,0,0,0,0,0,0,0,0,0,0,0,0,0,0,0,0,0,0,0,0,0,0001-01-01,0001-01-01
Bradbury,0,0,550000,599500,0,0,0,480000,0,310,400,450,0,0,310,350,0,0,0,0,0,0,0,0,0,0,0,0,0,0,0,0,0,0,0,0,0001-01-01,0001-01-01
Breakfast Point,0,0,0,0,0,744500,1115000,1960000,0,0,0,0,0,523,700,950,0,0,0,0,0,0,0,0,0,0,0,0,0,0,0,0,0,0,0,0,0001-01-01,0001-01-01
Brighton-Le-Sands,0,0,0,0,0,500000,627000,997500,0,555,750,850,0,400,480,680,0,0,0,0,0,0,0,0,0,0,0,0,0,0,0,0,0,0,0,0,0001-01-01,0001-01-01
Bringelly,0,0,0,0,0,0,0,0,0,0,515,595,0,0,0,0,0,0,0,0,0,0,0,0,0,0,0,0,0,0,0,0,0,0,0,0,0001-01-01,0001-01-01
Bronte,0,0,3000000,3437500,0,885000,1007500,0,0,960,1388,2200,0,565,725,1010,0,0,0,0,0,0,0,0,0,0,0,0,0,0,0,0,0,0,0,0,0001-01-01,0001-01-01
Brooklyn,0,0,0,0,0,0,0,0,0,0,0,0,0,0,0,0,0,0,0,0,0,0,0,0,0,0,0,0,0,0,0,0,0,0,0,0,0001-01-01,0001-01-01
Brookvale,0,0,0,0,0,630000,820000,0,0,0,850,0,0,495,600,825,0,0,0,0,0,0,0,0,0,0,0,0,0,0,0,0,0,0,0,0,0001-01-01,0001-01-01
Bundeena,0,0,0,0,0,0,0,0,0,0,0,773,0,0,0,0,0,0,0,0,0,0,0,0,0,0,0,0,0,0,0,0,0,0,0,0,0001-01-01,0001-01-01
Bungarribee,0,0,0,0,0,0,0,0,0,0,0,0,0,0,0,0,0,0,0,0,0,0,0,0,0,0,0,0,0,0,0,0,0,0,0,0,0001-01-01,0001-01-01
Burraneer,0,0,1900000,2312500,0,0,0,0,0,0,863,0,0,0,0,0,0,0,0,0,0,0,0,0,0,0,0,0,0,0,0,0,0,0,0,0,0001-01-01,0001-01-01
Burwood,0,900000,1677500,1975000,0,0,827500,0,0,540,690,800,0,500,600,750,0,0,0,0,0,0,0,0,0,0,0,0,0,0,0,0,0,0,0,0,0001-01-01,0001-01-01
Burwood Heights,0,0,0,0,0,0,0,0,0,0,0,0,0,0,550,0,0,0,0,0,0,0,0,0,0,0,0,0,0,0,0,0,0,0,0,0,0001-01-01,0001-01-01
Busby,0,0,630000,0,0,0,0,0,0,350,380,445,0,0,0,0,0,0,0,0,0,0,0,0,0,0,0,0,0,0,0,0,0,0,0,0,0001-01-01,0001-01-01
Cabarita,0,0,0,0,0,0,0,0,0,0,700,1325,0,0,0,800,0,0,0,0,0,0,0,0,0,0,0,0,0,0,0,0,0,0,0,0,0001-01-01,0001-01-01
Cabramatta,0,0,849000,878500,0,0,416500,615000,0,350,420,480,0,260,330,410,0,0,0,0,0,0,0,0,0,0,0,0,0,0,0,0,0,0,0,0,0001-01-01,0001-01-01
Cabramatta West,0,0,800000,0,0,0,0,0,0,350,450,530,0,0,0,0,0,0,0,0,0,0,0,0,0,0,0,0,0,0,0,0,0,0,0,0,0001-01-01,0001-01-01
Caddens,0,0,0,0,0,0,0,0,0,0,0,565,0,0,0,0,0,0,0,0,0,0,0,0,0,0,0,0,0,0,0,0,0,0,0,0,0001-01-01,0001-01-01
Cambridge Gardens,0,0,585000,0,0,0,0,0,0,0,423,470,0,0,0,0,0,0,0,0,0,0,0,0,0,0,0,0,0,0,0,0,0,0,0,0,0001-01-01,0001-01-01
Cambridge Park,0,0,630000,672000,0,0,0,520000,0,330,400,480,0,0,360,420,0,0,0,0,0,0,0,0,0,0,0,0,0,0,0,0,0,0,0,0,0001-01-01,0001-01-01
Camden,0,0,690000,0,0,0,0,0,0,400,440,500,0,0,398,0,0,0,0,0,0,0,0,0,0,0,0,0,0,0,0,0,0,0,0,0,0001-01-01,0001-01-01
Camden South,0,0,647500,742500,0,0,0,0,0,0,450,510,0,0,0,0,0,0,0,0,0,0,0,0,0,0,0,0,0,0,0,0,0,0,0,0,0001-01-01,0001-01-01
Camellia,0,0,0,0,0,0,0,0,0,0,0,0,0,0,0,0,0,0,0,0,0,0,0,0,0,0,0,0,0,0,0,0,0,0,0,0,0001-01-01,0001-01-01
Cammeray,0,0,2125000,3410000,0,675000,991000,1675000,0,580,923,1335,0,470,585,850,0,0,0,0,0,0,0,0,0,0,0,0,0,0,0,0,0,0,0,0,0001-01-01,0001-01-01
Campbelltown,0,0,550000,655000,0,0,429400,535000,0,350,400,520,0,340,400,460,0,0,0,0,0,0,0,0,0,0,0,0,0,0,0,0,0,0,0,0,0001-01-01,0001-01-01
Camperdown,0,1205000,1677500,0,0,737500,965000,0,0,700,945,1225,0,560,710,913,0,0,0,0,0,0,0,0,0,0,0,0,0,0,0,0,0,0,0,0,0001-01-01,0001-01-01
Campsie,0,764360,1200000,1650000,0,470000,600000,0,0,455,585,700,0,400,440,600,0,0,0,0,0,0,0,0,0,0,0,0,0,0,0,0,0,0,0,0,0001-01-01,0001-01-01
Canada Bay,0,0,0,0,0,0,0,0,0,0,750,0,0,0,540,0,0,0,0,0,0,0,0,0,0,0,0,0,0,0,0,0,0,0,0,0,0001-01-01,0001-01-01
Canley Heights,0,0,780000,799000,0,0,0,0,0,350,450,560,0,0,365,0,0,0,0,0,0,0,0,0,0,0,0,0,0,0,0,0,0,0,0,0,0001-01-01,0001-01-01
Canley Vale,0,0,745000,890000,0,0,420000,0,0,370,430,515,0,265,340,450,0,0,0,0,0,0,0,0,0,0,0,0,0,0,0,0,0,0,0,0,0001-01-01,0001-01-01
Canoelands,0,0,0,0,0,0,0,0,0,0,0,0,0,0,0,0,0,0,0,0,0,0,0,0,0,0,0,0,0,0,0,0,0,0,0,0,0001-01-01,0001-01-01
Canterbury,0,0,1102500,0,0,560000,702500,0,0,535,600,750,0,460,550,650,0,0,0,0,0,0,0,0,0,0,0,0,0,0,0,0,0,0,0,0,0001-01-01,0001-01-01
Caringbah,0,0,1155000,1365000,0,520500,635000,913500,0,520,675,850,0,390,490,660,0,0,0,0,0,0,0,0,0,0,0,0,0,0,0,0,0,0,0,0,0001-01-01,0001-01-01
Caringbah South,0,0,1450000,1650000,0,0,0,1240000,0,580,750,950,0,0,0,950,0,0,0,0,0,0,0,0,0,0,0,0,0,0,0,0,0,0,0,0,0001-01-01,0001-01-01
Carlingford,0,0,1230000,1332000,0,0,663000,890000,0,430,550,670,0,430,500,570,0,0,0,0,0,0,0,0,0,0,0,0,0,0,0,0,0,0,0,0,0001-01-01,0001-01-01
Carlton,0,0,1125000,0,0,0,635000,750000,0,500,620,725,0,390,470,570,0,0,0,0,0,0,0,0,0,0,0,0,0,0,0,0,0,0,0,0,0001-01-01,0001-01-01
Carnes Hill,0,0,0,795000,0,0,0,0,0,0,0,610,0,0,0,0,0,0,0,0,0,0,0,0,0,0,0,0,0,0,0,0,0,0,0,0,0001-01-01,0001-01-01
Carramar,0,0,0,0,0,0,0,0,0,400,388,0,0,260,320,350,0,0,0,0,0,0,0,0,0,0,0,0,0,0,0,0,0,0,0,0,0001-01-01,0001-01-01
Carss Park,0,0,0,0,0,0,0,0,0,0,0,0,0,0,0,0,0,0,0,0,0,0,0,0,0,0,0,0,0,0,0,0,0,0,0,0,0001-01-01,0001-01-01
Cartwright,0,0,0,0,0,0,0,0,0,0,420,0,0,0,0,0,0,0,0,0,0,0,0,0,0,0,0,0,0,0,0,0,0,0,0,0,0001-01-01,0001-01-01
Castle Cove,0,0,0,2550000,0,0,0,0,0,0,0,0,0,0,0,0,0,0,0,0,0,0,0,0,0,0,0,0,0,0,0,0,0,0,0,0,0001-01-01,0001-01-01
Castle Hill,0,830000,1138000,1330000,0,0,791000,940000,0,450,550,695,0,450,510,580,0,0,0,0,0,0,0,0,0,0,0,0,0,0,0,0,0,0,0,0,0001-01-01,0001-01-01
Castlecrag,0,0,0,2795000,0,0,0,0,0,0,865,1500,0,0,0,0,0,0,0,0,0,0,0,0,0,0,0,0,0,0,0,0,0,0,0,0,0001-01-01,0001-01-01
Castlereagh,0,0,0,0,0,0,0,0,0,0,0,0,0,0,0,0,0,0,0,0,0,0,0,0,0,0,0,0,0,0,0,0,0,0,0,0,0001-01-01,0001-01-01
Casula,0,0,685000,782500,0,0,0,585000,0,380,460,560,0,0,405,450,0,0,0,0,0,0,0,0,0,0,0,0,0,0,0,0,0,0,0,0,0001-01-01,0001-01-01
Catherine Field,0,0,0,0,0,0,0,0,0,0,490,550,0,0,0,0,0,0,0,0,0,0,0,0,0,0,0,0,0,0,0,0,0,0,0,0,0001-01-01,0001-01-01
Cattai,0,0,0,0,0,0,0,0,0,0,0,0,0,0,0,0,0,0,0,0,0,0,0,0,0,0,0,0,0,0,0,0,0,0,0,0,0001-01-01,0001-01-01
Cawdor,0,0,0,0,0,0,0,0,0,0,0,0,0,0,0,0,0,0,0,0,0,0,0,0,0,0,0,0,0,0,0,0,0,0,0,0,0001-01-01,0001-01-01
Cecil Hills,0,0,0,940000,0,0,0,0,0,0,460,545,0,0,0,0,0,0,0,0,0,0,0,0,0,0,0,0,0,0,0,0,0,0,0,0,0001-01-01,0001-01-01
Cecil Park,0,0,0,0,0,0,0,0,0,0,0,0,0,0,0,0,0,0,0,0,0,0,0,0,0,0,0,0,0,0,0,0,0,0,0,0,0001-01-01,0001-01-01
Centennial Park,0,0,0,0,0,590000,950000,0,0,0,0,0,0,480,633,0,0,0,0,0,0,0,0,0,0,0,0,0,0,0,0,0,0,0,0,0,0001-01-01,0001-01-01
Chatswood,0,0,1870000,2300000,0,762500,1099400,1630000,0,700,875,1100,0,560,660,910,0,0,0,0,0,0,0,0,0,0,0,0,0,0,0,0,0,0,0,0,0001-01-01,0001-01-01
Chatswood West,0,0,0,1880000,0,0,0,0,0,0,0,0,0,0,0,0,0,0,0,0,0,0,0,0,0,0,0,0,0,0,0,0,0,0,0,0,0001-01-01,0001-01-01
Cheltenham,0,0,0,0,0,0,0,0,0,0,0,0,0,0,0,0,0,0,0,0,0,0,0,0,0,0,0,0,0,0,0,0,0,0,0,0,0001-01-01,0001-01-01
Cherrybrook,0,0,1094500,1485000,0,0,0,968000,0,435,640,770,0,0,450,585,0,0,0,0,0,0,0,0,0,0,0,0,0,0,0,0,0,0,0,0,0001-01-01,0001-01-01
Chester Hill,0,775000,792500,837500,0,0,0,0,0,420,500,623,0,270,400,465,0,0,0,0,0,0,0,0,0,0,0,0,0,0,0,0,0,0,0,0,0001-01-01,0001-01-01
Chifley,0,0,0,0,0,0,0,0,0,0,970,1250,0,0,0,0,0,0,0,0,0,0,0,0,0,0,0,0,0,0,0,0,0,0,0,0,0001-01-01,0001-01-01
Chippendale,0,0,0,0,0,640000,1068370,0,0,690,950,1140,0,600,825,1075,0,0,0,0,0,0,0,0,0,0,0,0,0,0,0,0,0,0,0,0,0001-01-01,0001-01-01
Chipping Norton,0,0,850000,920000,0,0,489000,617500,0,0,530,650,0,0,390,510,0,0,0,0,0,0,0,0,0,0,0,0,0,0,0,0,0,0,0,0,0001-01-01,0001-01-01
Chiswick,0,0,0,0,0,0,901250,0,0,0,0,0,0,530,640,800,0,0,0,0,0,0,0,0,0,0,0,0,0,0,0,0,0,0,0,0,0001-01-01,0001-01-01
Chullora,0,0,0,0,0,0,0,0,0,0,0,0,0,0,0,0,0,0,0,0,0,0,0,0,0,0,0,0,0,0,0,0,0,0,0,0,0001-01-01,0001-01-01
Church Point,0,0,0,0,0,0,0,0,0,0,0,0,0,0,0,0,0,0,0,0,0,0,0,0,0,0,0,0,0,0,0,0,0,0,0,0,0001-01-01,0001-01-01
Claremont Meadows,0,0,645000,810000,0,0,0,0,0,0,430,560,0,0,0,0,0,0,0,0,0,0,0,0,0,0,0,0,0,0,0,0,0,0,0,0,0001-01-01,0001-01-01
Clarendon,0,0,0,0,0,0,0,0,0,0,0,0,0,0,0,0,0,0,0,0,0,0,0,0,0,0,0,0,0,0,0,0,0,0,0,0,0001-01-01,0001-01-01
Clareville,0,0,0,0,0,0,0,0,0,0,0,0,0,0,0,0,0,0,0,0,0,0,0,0,0,0,0,0,0,0,0,0,0,0,0,0,0001-01-01,0001-01-01
Claymore,0,0,0,0,0,0,0,0,0,0,0,510,0,0,0,0,0,0,0,0,0,0,0,0,0,0,0,0,0,0,0,0,0,0,0,0,0001-01-01,0001-01-01
Clemton Park,0,0,0,0,0,0,0,0,0,0,630,0,0,0,0,0,0,0,0,0,0,0,0,0,0,0,0,0,0,0,0,0,0,0,0,0,0001-01-01,0001-01-01
Clontarf,0,0,0,3205000,0,0,0,0,0,0,0,0,0,0,0,0,0,0,0,0,0,0,0,0,0,0,0,0,0,0,0,0,0,0,0,0,0001-01-01,0001-01-01
Clovelly,0,0,0,2950000,0,0,1365000,1950000,0,0,1275,1775,0,600,748,1100,0,0,0,0,0,0,0,0,0,0,0,0,0,0,0,0,0,0,0,0,0001-01-01,0001-01-01
Clyde,0,0,0,0,0,0,0,0,0,0,0,0,0,0,0,0,0,0,0,0,0,0,0,0,0,0,0,0,0,0,0,0,0,0,0,0,0001-01-01,0001-01-01
Coasters Retreat,0,0,0,0,0,0,0,0,0,0,0,0,0,0,0,0,0,0,0,0,0,0,0,0,0,0,0,0,0,0,0,0,0,0,0,0,0001-01-01,0001-01-01
Cobbitty,0,0,0,751250,0,0,0,0,0,0,455,530,0,0,0,0,0,0,0,0,0,0,0,0,0,0,0,0,0,0,0,0,0,0,0,0,0001-01-01,0001-01-01
Colebee,0,0,0,1002500,0,0,0,0,0,0,545,600,0,0,0,0,0,0,0,0,0,0,0,0,0,0,0,0,0,0,0,0,0,0,0,0,0001-01-01,0001-01-01
Collaroy,0,0,0,2875000,0,0,823750,1530000,0,0,880,1350,0,450,578,860,0,0,0,0,0,0,0,0,0,0,0,0,0,0,0,0,0,0,0,0,0001-01-01,0001-01-01
Collaroy Plateau,0,0,1430000,1941000,0,0,0,0,0,0,850,1100,0,438,0,0,0,0,0,0,0,0,0,0,0,0,0,0,0,0,0,0,0,0,0,0,0001-01-01,0001-01-01
Colyton,0,0,596000,622500,0,0,0,0,0,330,400,450,0,0,0,0,0,0,0,0,0,0,0,0,0,0,0,0,0,0,0,0,0,0,0,0,0001-01-01,0001-01-01
Como,0,0,0,1350000,0,0,0,0,0,0,650,830,0,0,0,0,0,0,0,0,0,0,0,0,0,0,0,0,0,0,0,0,0,0,0,0,0001-01-01,0001-01-01
Concord,0,0,1795000,2055500,0,0,715000,1150000,0,500,690,900,0,395,450,660,0,0,0,0,0,0,0,0,0,0,0,0,0,0,0,0,0,0,0,0,0001-01-01,0001-01-01
Concord West,0,0,1750000,1905000,0,0,0,0,0,480,645,825,0,360,450,450,0,0,0,0,0,0,0,0,0,0,0,0,0,0,0,0,0,0,0,0,0001-01-01,0001-01-01
Condell Park,0,0,865000,920000,0,0,0,687000,0,430,540,670,0,0,0,555,0,0,0,0,0,0,0,0,0,0,0,0,0,0,0,0,0,0,0,0,0001-01-01,0001-01-01
Connells Point,0,0,0,1637500,0,0,0,0,0,0,630,0,0,0,0,0,0,0,0,0,0,0,0,0,0,0,0,0,0,0,0,0,0,0,0,0,0001-01-01,0001-01-01
Constitution Hill,0,0,814500,0,0,0,0,0,0,430,490,600,0,0,445,550,0,0,0,0,0,0,0,0,0,0,0,0,0,0,0,0,0,0,0,0,0001-01-01,0001-01-01
Coogee,0,0,2200000,2790000,0,750000,1015000,1620000,0,755,1200,1575,0,550,690,950,0,0,0,0,0,0,0,0,0,0,0,0,0,0,0,0,0,0,0,0,0001-01-01,0001-01-01
Cottage Point,0,0,0,0,0,0,0,0,0,0,0,0,0,0,0,0,0,0,0,0,0,0,0,0,0,0,0,0,0,0,0,0,0,0,0,0,0001-01-01,0001-01-01
Cowan,0,0,0,0,0,0,0,0,0,0,0,0,0,0,0,0,0,0,0,0,0,0,0,0,0,0,0,0,0,0,0,0,0,0,0,0,0001-01-01,0001-01-01
Cranebrook,0,0,600000,712500,0,0,0,0,0,355,430,530,0,0,0,0,0,0,0,0,0,0,0,0,0,0,0,0,0,0,0,0,0,0,0,0,0001-01-01,0001-01-01
Cremorne,0,0,2300000,3699000,0,649000,1141500,1650000,0,550,1150,1900,0,485,650,898,0,0,0,0,0,0,0,0,0,0,0,0,0,0,0,0,0,0,0,0,0001-01-01,0001-01-01
Cremorne Point,0,0,0,0,0,0,1260000,0,0,0,0,0,0,508,730,1163,0,0,0,0,0,0,0,0,0,0,0,0,0,0,0,0,0,0,0,0,0001-01-01,0001-01-01
Cromer,0,0,1279000,1430000,0,0,0,0,0,595,795,980,0,450,600,0,0,0,0,0,0,0,0,0,0,0,0,0,0,0,0,0,0,0,0,0,0001-01-01,0001-01-01
Cronulla,0,0,2215000,2275000,0,623750,827500,1355000,0,0,750,1100,0,385,510,750,0,0,0,0,0,0,0,0,0,0,0,0,0,0,0,0,0,0,0,0,0001-01-01,0001-01-01
Crows Nest,0,0,2205000,0,0,650000,1011000,0,0,795,1000,1300,0,495,630,900,0,0,0,0,0,0,0,0,0,0,0,0,0,0,0,0,0,0,0,0,0001-01-01,0001-01-01
Croydon,0,982500,1410000,1650000,0,0,737500,0,0,595,700,840,0,395,478,648,0,0,0,0,0,0,0,0,0,0,0,0,0,0,0,0,0,0,0,0,0001-01-01,0001-01-01
Croydon Park,0,0,1286250,1604000,0,0,594500,0,0,488,630,800,0,350,420,585,0,0,0,0,0,0,0,0,0,0,0,0,0,0,0,0,0,0,0,0,0001-01-01,0001-01-01
Curl Curl,0,0,0,0,0,0,0,0,0,0,985,1548,0,0,620,0,0,0,0,0,0,0,0,0,0,0,0,0,0,0,0,0,0,0,0,0,0001-01-01,0001-01-01
Currans Hill,0,0,605000,679000,0,0,0,0,0,0,430,500,0,0,0,0,0,0,0,0,0,0,0,0,0,0,0,0,0,0,0,0,0,0,0,0,0001-01-01,0001-01-01
Currawong Beach,0,0,0,0,0,0,0,0,0,0,0,0,0,0,0,0,0,0,0,0,0,0,0,0,0,0,0,0,0,0,0,0,0,0,0,0,0001-01-01,0001-01-01
Daceyville,0,0,0,0,0,0,0,0,0,0,0,0,0,0,0,0,0,0,0,0,0,0,0,0,0,0,0,0,0,0,0,0,0,0,0,0,0001-01-01,0001-01-01
Dangar Island,0,0,0,0,0,0,0,0,0,0,0,0,0,0,0,0,0,0,0,0,0,0,0,0,0,0,0,0,0,0,0,0,0,0,0,0,0001-01-01,0001-01-01
Darling Point,0,0,0,0,0,0,1505000,4050000,0,0,0,0,0,650,825,1400,0,0,0,0,0,0,0,0,0,0,0,0,0,0,0,0,0,0,0,0,0001-01-01,0001-01-01
Darlinghurst,0,1345000,1965000,2240000,0,655000,1330000,2700000,0,800,1075,1395,0,573,820,1298,0,0,0,0,0,0,0,0,0,0,0,0,0,0,0,0,0,0,0,0,0001-01-01,0001-01-01
Darlington,0,0,0,0,0,0,0,0,0,700,900,1200,0,483,750,0,0,0,0,0,0,0,0,0,0,0,0,0,0,0,0,0,0,0,0,0,0001-01-01,0001-01-01
Davidson,0,0,0,1687500,0,0,0,0,0,0,0,0,0,0,0,0,0,0,0,0,0,0,0,0,0,0,0,0,0,0,0,0,0,0,0,0,0001-01-01,0001-01-01
Dawes Point,0,0,0,0,0,0,0,0,0,0,0,0,0,0,0,0,0,0,0,0,0,0,0,0,0,0,0,0,0,0,0,0,0,0,0,0,0001-01-01,0001-01-01
Dean Park,0,0,565000,0,0,0,0,0,0,350,400,0,0,0,0,0,0,0,0,0,0,0,0,0,0,0,0,0,0,0,0,0,0,0,0,0,0001-01-01,0001-01-01
Dee Why,0,0,1466000,1611000,0,580000,765000,1030000,0,640,800,1200,0,470,575,750,0,0,0,0,0,0,0,0,0,0,0,0,0,0,0,0,0,0,0,0,0001-01-01,0001-01-01
Denham Court,0,0,0,795000,0,0,0,0,0,360,500,573,0,0,0,0,0,0,0,0,0,0,0,0,0,0,0,0,0,0,0,0,0,0,0,0,0001-01-01,0001-01-01
Denistone,0,0,0,0,0,0,0,0,0,0,650,0,0,0,0,0,0,0,0,0,0,0,0,0,0,0,0,0,0,0,0,0,0,0,0,0,0001-01-01,0001-01-01
Denistone East,0,0,1500000,0,0,0,0,0,0,0,675,0,0,0,0,0,0,0,0,0,0,0,0,0,0,0,0,0,0,0,0,0,0,0,0,0,0001-01-01,0001-01-01
Denistone West,0,0,0,0,0,0,0,0,0,0,0,0,0,0,0,0,0,0,0,0,0,0,0,0,0,0,0,0,0,0,0,0,0,0,0,0,0001-01-01,0001-01-01
Dharruk,0,0,0,0,0,0,0,0,0,0,355,0,0,0,0,0,0,0,0,0,0,0,0,0,0,0,0,0,0,0,0,0,0,0,0,0,0001-01-01,0001-01-01
Dolans Bay,0,0,0,0,0,0,0,0,0,0,0,0,0,0,0,0,0,0,0,0,0,0,0,0,0,0,0,0,0,0,0,0,0,0,0,0,0001-01-01,0001-01-01
Dolls Point,0,0,0,0,0,0,712500,0,0,0,0,0,0,0,470,580,0,0,0,0,0,0,0,0,0,0,0,0,0,0,0,0,0,0,0,0,0001-01-01,0001-01-01
Doonside,0,0,631500,686750,0,0,0,0,0,360,405,480,0,0,370,450,0,0,0,0,0,0,0,0,0,0,0,0,0,0,0,0,0,0,0,0,0001-01-01,0001-01-01
Double Bay,0,0,0,0,0,0,1100000,2250000,0,0,1275,0,0,560,730,1150,0,0,0,0,0,0,0,0,0,0,0,0,0,0,0,0,0,0,0,0,0001-01-01,0001-01-01
Dover Heights,0,0,0,4100000,0,0,0,0,0,0,995,0,0,0,730,0,0,0,0,0,0,0,0,0,0,0,0,0,0,0,0,0,0,0,0,0,0001-01-01,0001-01-01
Drummoyne,0,1500000,1850000,2485000,0,0,902500,1465000,0,700,850,1200,0,520,600,850,0,0,0,0,0,0,0,0,0,0,0,0,0,0,0,0,0,0,0,0,0001-01-01,0001-01-01
Duffys Forest,0,0,0,0,0,0,0,0,0,0,0,0,0,0,0,0,0,0,0,0,0,0,0,0,0,0,0,0,0,0,0,0,0,0,0,0,0001-01-01,0001-01-01
Dulwich Hill,0,1137500,1462500,1645000,0,580000,770000,0,0,650,750,893,0,415,500,650,0,0,0,0,0,0,0,0,0,0,0,0,0,0,0,0,0,0,0,0,0001-01-01,0001-01-01
Dundas,0,0,1137500,1219440,0,0,547500,820000,0,350,320,630,0,295,423,500,0,0,0,0,0,0,0,0,0,0,0,0,0,0,0,0,0,0,0,0,0001-01-01,0001-01-01
Dundas Valley,0,0,1100000,1141000,0,0,0,0,0,0,480,700,0,0,0,600,0,0,0,0,0,0,0,0,0,0,0,0,0,0,0,0,0,0,0,0,0001-01-01,0001-01-01
Dural,0,0,1150000,1335000,0,0,0,0,0,420,600,720,0,0,0,0,0,0,0,0,0,0,0,0,0,0,0,0,0,0,0,0,0,0,0,0,0001-01-01,0001-01-01
Eagle Vale,0,0,550500,0,0,0,0,0,0,350,420,460,0,0,0,0,0,0,0,0,0,0,0,0,0,0,0,0,0,0,0,0,0,0,0,0,0001-01-01,0001-01-01
Earlwood,0,1030000,1297750,1580000,0,0,730000,0,0,550,680,880,0,385,500,570,0,0,0,0,0,0,0,0,0,0,0,0,0,0,0,0,0,0,0,0,0001-01-01,0001-01-01
East Hills,0,0,0,0,0,0,0,0,0,0,530,650,0,0,0,0,0,0,0,0,0,0,0,0,0,0,0,0,0,0,0,0,0,0,0,0,0001-01-01,0001-01-01
East Killara,0,0,0,0,0,0,0,0,0,0,0,0,0,0,0,0,0,0,0,0,0,0,0,0,0,0,0,0,0,0,0,0,0,0,0,0,0001-01-01,0001-01-01
East Lindfield,0,0,0,2050000,0,0,0,0,0,0,0,1100,0,0,0,0,0,0,0,0,0,0,0,0,0,0,0,0,0,0,0,0,0,0,0,0,0001-01-01,0001-01-01
East Ryde,0,0,0,1630000,0,0,0,0,0,0,750,0,0,0,0,0,0,0,0,0,0,0,0,0,0,0,0,0,0,0,0,0,0,0,0,0,0001-01-01,0001-01-01
Eastern Creek,0,0,0,0,0,0,0,0,0,0,0,0,0,0,0,0,0,0,0,0,0,0,0,0,0,0,0,0,0,0,0,0,0,0,0,0,0001-01-01,0001-01-01
Eastgardens,0,0,0,0,0,0,0,0,0,0,0,0,0,0,0,0,0,0,0,0,0,0,0,0,0,0,0,0,0,0,0,0,0,0,0,0,0001-01-01,0001-01-01
Eastlakes,0,0,1345000,0,0,0,615500,0,0,570,755,0,0,0,470,550,0,0,0,0,0,0,0,0,0,0,0,0,0,0,0,0,0,0,0,0,0001-01-01,0001-01-01
Eastwood,0,1204440,1627500,1665000,0,0,645000,1065000,0,500,620,793,0,418,450,600,0,0,0,0,0,0,0,0,0,0,0,0,0,0,0,0,0,0,0,0,0001-01-01,0001-01-01
Edensor Park,0,0,722500,875000,0,0,0,0,0,380,475,595,0,0,0,0,0,0,0,0,0,0,0,0,0,0,0,0,0,0,0,0,0,0,0,0,0001-01-01,0001-01-01
Edgecliff,0,0,0,0,0,777500,1420000,2672500,0,0,1120,0,0,500,700,1200,0,0,0,0,0,0,0,0,0,0,0,0,0,0,0,0,0,0,0,0,0001-01-01,0001-01-01
Edmondson Park,0,0,0,801000,0,0,0,0,0,400,520,600,0,298,435,0,0,0,0,0,0,0,0,0,0,0,0,0,0,0,0,0,0,0,0,0,0001-01-01,0001-01-01
Elanora Heights,0,0,1437500,1495500,0,0,0,0,0,600,840,1080,0,415,0,0,0,0,0,0,0,0,0,0,0,0,0,0,0,0,0,0,0,0,0,0,0001-01-01,0001-01-01
Elderslie,0,0,0,0,0,0,0,0,0,0,0,0,0,0,0,0,0,0,0,0,0,0,0,0,0,0,0,0,0,0,0,0,0,0,0,0,0001-01-01,0001-01-01
Elizabeth Bay,0,0,0,0,0,695000,1400000,4287500,0,0,0,0,0,510,810,1250,0,0,0,0,0,0,0,0,0,0,0,0,0,0,0,0,0,0,0,0,0001-01-01,0001-01-01
Elizabeth Hills,0,0,0,936250,0,0,0,0,0,0,560,625,0,0,0,0,0,0,0,0,0,0,0,0,0,0,0,0,0,0,0,0,0,0,0,0,0001-01-01,0001-01-01
Ellis Lane,0,0,0,0,0,0,0,0,0,0,0,0,0,0,0,0,0,0,0,0,0,0,0,0,0,0,0,0,0,0,0,0,0,0,0,0,0001-01-01,0001-01-01
Elvina Bay,0,0,0,0,0,0,0,0,0,0,0,0,0,0,0,0,0,0,0,0,0,0,0,0,0,0,0,0,0,0,0,0,0,0,0,0,0001-01-01,0001-01-01
Emerton,0,0,500000,0,0,0,0,0,0,290,350,0,0,0,0,0,0,0,0,0,0,0,0,0,0,0,0,0,0,0,0,0,0,0,0,0,0001-01-01,0001-01-01
Emu Heights,0,0,650000,715000,0,0,0,0,0,0,445,550,0,0,0,0,0,0,0,0,0,0,0,0,0,0,0,0,0,0,0,0,0,0,0,0,0001-01-01,0001-01-01
Emu Plains,0,0,645000,775000,0,0,0,560000,0,358,450,560,0,0,0,420,0,0,0,0,0,0,0,0,0,0,0,0,0,0,0,0,0,0,0,0,0001-01-01,0001-01-01
Enfield,0,0,0,0,0,0,0,0,0,550,595,0,0,0,450,580,0,0,0,0,0,0,0,0,0,0,0,0,0,0,0,0,0,0,0,0,0001-01-01,0001-01-01
Engadine,0,0,857000,966000,0,0,584000,815000,0,520,600,700,0,0,440,620,0,0,0,0,0,0,0,0,0,0,0,0,0,0,0,0,0,0,0,0,0001-01-01,0001-01-01
Englorie Park,0,0,0,0,0,0,0,0,0,0,393,0,0,0,0,0,0,0,0,0,0,0,0,0,0,0,0,0,0,0,0,0,0,0,0,0,0001-01-01,0001-01-01
Enmore,0,0,1450000,0,0,0,743500,0,0,650,850,1100,0,410,560,0,0,0,0,0,0,0,0,0,0,0,0,0,0,0,0,0,0,0,0,0,0001-01-01,0001-01-01
Epping,0,930000,1575000,1586000,0,0,756000,1000000,0,500,645,750,0,500,550,680,0,0,0,0,0,0,0,0,0,0,0,0,0,0,0,0,0,0,0,0,0001-01-01,0001-01-01
Ermington,0,0,1150000,1258890,0,0,0,899000,0,420,470,750,0,350,515,598,0,0,0,0,0,0,0,0,0,0,0,0,0,0,0,0,0,0,0,0,0001-01-01,0001-01-01
Erskine Park,0,0,652500,808000,0,0,0,0,0,350,418,515,0,0,0,0,0,0,0,0,0,0,0,0,0,0,0,0,0,0,0,0,0,0,0,0,0001-01-01,0001-01-01
Erskineville,0,1150000,1410000,0,0,690000,880000,0,0,700,930,0,0,580,750,1000,0,0,0,0,0,0,0,0,0,0,0,0,0,0,0,0,0,0,0,0,0001-01-01,0001-01-01
Eschol Park,0,0,590000,0,0,0,0,0,0,0,410,0,0,0,0,0,0,0,0,0,0,0,0,0,0,0,0,0,0,0,0,0,0,0,0,0,0001-01-01,0001-01-01
Eveleigh,0,0,0,0,0,0,0,0,0,0,0,0,0,0,0,0,0,0,0,0,0,0,0,0,0,0,0,0,0,0,0,0,0,0,0,0,0001-01-01,0001-01-01
Fairfield,0,0,721000,790000,0,0,420000,527500,0,370,450,565,0,290,350,435,0,0,0,0,0,0,0,0,0,0,0,0,0,0,0,0,0,0,0,0,0001-01-01,0001-01-01
Fairfield East,0,0,0,0,0,0,0,0,0,350,455,540,0,0,0,0,0,0,0,0,0,0,0,0,0,0,0,0,0,0,0,0,0,0,0,0,0001-01-01,0001-01-01
Fairfield Heights,0,0,751000,0,0,0,0,0,0,380,500,570,0,0,0,515,0,0,0,0,0,0,0,0,0,0,0,0,0,0,0,0,0,0,0,0,0001-01-01,0001-01-01
Fairfield West,0,0,680000,780000,0,0,0,0,0,400,450,560,0,240,420,0,0,0,0,0,0,0,0,0,0,0,0,0,0,0,0,0,0,0,0,0,0001-01-01,0001-01-01
Fairlight,0,0,2030000,0,0,695000,1010000,1895000,0,895,1298,0,0,530,695,1050,0,0,0,0,0,0,0,0,0,0,0,0,0,0,0,0,0,0,0,0,0001-01-01,0001-01-01
Fiddletown,0,0,0,0,0,0,0,0,0,0,0,0,0,0,0,0,0,0,0,0,0,0,0,0,0,0,0,0,0,0,0,0,0,0,0,0,0001-01-01,0001-01-01
Five Dock,0,1312500,1622500,2007500,0,0,830000,1155000,0,605,780,933,0,500,583,750,0,0,0,0,0,0,0,0,0,0,0,0,0,0,0,0,0,0,0,0,0001-01-01,0001-01-01
Forest Glen,0,0,0,0,0,0,0,0,0,0,0,0,0,0,0,0,0,0,0,0,0,0,0,0,0,0,0,0,0,0,0,0,0,0,0,0,0001-01-01,0001-01-01
Forest Lodge,0,0,0,0,0,729500,1150000,0,0,695,920,1200,0,550,780,1100,0,0,0,0,0,0,0,0,0,0,0,0,0,0,0,0,0,0,0,0,0001-01-01,0001-01-01
Forestville,0,0,1415000,1438750,0,0,885000,0,0,578,740,918,0,450,648,0,0,0,0,0,0,0,0,0,0,0,0,0,0,0,0,0,0,0,0,0,0001-01-01,0001-01-01
Freemans Reach,0,0,0,0,0,0,0,0,0,0,490,0,0,0,0,0,0,0,0,0,0,0,0,0,0,0,0,0,0,0,0,0,0,0,0,0,0001-01-01,0001-01-01
Frenchs Forest,0,0,1340000,1460000,0,0,0,0,0,600,800,1000,0,395,0,0,0,0,0,0,0,0,0,0,0,0,0,0,0,0,0,0,0,0,0,0,0001-01-01,0001-01-01
Freshwater,0,0,1896250,2475000,0,650000,810000,0,0,813,1200,1545,0,480,610,1095,0,0,0,0,0,0,0,0,0,0,0,0,0,0,0,0,0,0,0,0,0001-01-01,0001-01-01
Galston,0,0,0,0,0,0,0,0,0,0,0,0,0,0,0,0,0,0,0,0,0,0,0,0,0,0,0,0,0,0,0,0,0,0,0,0,0001-01-01,0001-01-01
Georges Hall,0,0,825000,910000,0,0,0,0,0,450,550,600,0,0,428,510,0,0,0,0,0,0,0,0,0,0,0,0,0,0,0,0,0,0,0,0,0001-01-01,0001-01-01
Gilead,0,0,0,0,0,0,0,0,0,0,0,0,0,0,0,0,0,0,0,0,0,0,0,0,0,0,0,0,0,0,0,0,0,0,0,0,0001-01-01,0001-01-01
Girraween,0,0,780000,0,0,0,580000,744000,0,450,490,595,0,0,420,520,0,0,0,0,0,0,0,0,0,0,0,0,0,0,0,0,0,0,0,0,0001-01-01,0001-01-01
Gladesville,0,1400000,1710000,2100000,0,582500,762000,1262500,0,600,700,850,0,450,480,720,0,0,0,0,0,0,0,0,0,0,0,0,0,0,0,0,0,0,0,0,0001-01-01,0001-01-01
Glebe,0,1295000,1600000,2550000,0,610500,1060000,0,0,750,995,1250,0,500,750,1050,0,0,0,0,0,0,0,0,0,0,0,0,0,0,0,0,0,0,0,0,0001-01-01,0001-01-01
Gledswood Hills,0,0,0,747500,0,0,0,0,0,0,490,530,0,0,0,0,0,0,0,0,0,0,0,0,0,0,0,0,0,0,0,0,0,0,0,0,0001-01-01,0001-01-01
Glen Alpine,0,0,0,792500,0,0,0,0,0,0,0,560,0,0,0,0,0,0,0,0,0,0,0,0,0,0,0,0,0,0,0,0,0,0,0,0,0001-01-01,0001-01-01
Glendenning,0,0,635000,674500,0,0,0,0,0,370,440,480,0,0,0,0,0,0,0,0,0,0,0,0,0,0,0,0,0,0,0,0,0,0,0,0,0001-01-01,0001-01-01
Glenfield,0,0,657500,790000,0,0,464500,502500,0,350,480,540,0,0,370,390,0,0,0,0,0,0,0,0,0,0,0,0,0,0,0,0,0,0,0,0,0001-01-01,0001-01-01
Glenhaven,0,0,0,1440000,0,0,0,0,0,0,0,700,0,0,0,0,0,0,0,0,0,0,0,0,0,0,0,0,0,0,0,0,0,0,0,0,0001-01-01,0001-01-01
Glenmore Park,0,0,655555,780000,0,0,0,594000,0,0,450,550,0,0,380,430,0,0,0,0,0,0,0,0,0,0,0,0,0,0,0,0,0,0,0,0,0001-01-01,0001-01-01
Glenorie,0,0,0,1700000,0,0,0,0,0,400,510,625,0,0,0,0,0,0,0,0,0,0,0,0,0,0,0,0,0,0,0,0,0,0,0,0,0001-01-01,0001-01-01
Glenwood,0,0,785000,985000,0,0,0,0,0,0,510,600,0,0,0,0,0,0,0,0,0,0,0,0,0,0,0,0,0,0,0,0,0,0,0,0,0001-01-01,0001-01-01
Glossodia,0,0,652500,689950,0,0,0,0,0,0,440,0,0,0,0,0,0,0,0,0,0,0,0,0,0,0,0,0,0,0,0,0,0,0,0,0,0001-01-01,0001-01-01
Gordon,0,0,1960000,2258000,0,684000,922500,1304000,0,0,795,1100,0,500,623,800,0,0,0,0,0,0,0,0,0,0,0,0,0,0,0,0,0,0,0,0,0001-01-01,0001-01-01
Granville,0,685000,760000,0,0,0,458000,0,0,425,498,650,0,370,405,520,0,0,0,0,0,0,0,0,0,0,0,0,0,0,0,0,0,0,0,0,0001-01-01,0001-01-01
Grasmere,0,0,0,1560000,0,0,0,0,0,0,0,0,0,0,0,0,0,0,0,0,0,0,0,0,0,0,0,0,0,0,0,0,0,0,0,0,0001-01-01,0001-01-01
Grays Point,0,0,1150000,1300000,0,0,0,0,0,0,0,795,0,0,0,0,0,0,0,0,0,0,0,0,0,0,0,0,0,0,0,0,0,0,0,0,0001-01-01,0001-01-01
Great Mackerel Beach,0,0,0,0,0,0,0,0,0,0,0,0,0,0,0,0,0,0,0,0,0,0,0,0,0,0,0,0,0,0,0,0,0,0,0,0,0001-01-01,0001-01-01
Green Valley,0,0,657000,750000,0,0,0,0,0,365,400,515,0,0,0,450,0,0,0,0,0,0,0,0,0,0,0,0,0,0,0,0,0,0,0,0,0001-01-01,0001-01-01
Greenacre,0,945000,890000,905000,0,0,0,650000,0,445,545,700,0,0,440,500,0,0,0,0,0,0,0,0,0,0,0,0,0,0,0,0,0,0,0,0,0001-01-01,0001-01-01
Greendale,0,0,0,0,0,0,0,0,0,0,0,0,0,0,0,0,0,0,0,0,0,0,0,0,0,0,0,0,0,0,0,0,0,0,0,0,0001-01-01,0001-01-01
Greenfield Park,0,0,0,0,0,0,0,0,0,400,498,580,0,0,0,0,0,0,0,0,0,0,0,0,0,0,0,0,0,0,0,0,0,0,0,0,0001-01-01,0001-01-01
Greenhills Beach,0,0,0,0,0,0,0,0,0,0,0,0,0,0,0,0,0,0,0,0,0,0,0,0,0,0,0,0,0,0,0,0,0,0,0,0,0001-01-01,0001-01-01
Greenwich,0,0,0,3137500,0,0,787000,1150000,0,600,840,1425,0,530,538,760,0,0,0,0,0,0,0,0,0,0,0,0,0,0,0,0,0,0,0,0,0001-01-01,0001-01-01
Gregory Hills,0,0,0,740000,0,0,0,0,0,380,480,520,0,0,400,0,0,0,0,0,0,0,0,0,0,0,0,0,0,0,0,0,0,0,0,0,0001-01-01,0001-01-01
Greystanes,0,0,778000,875000,0,0,0,0,0,400,500,600,0,0,385,480,0,0,0,0,0,0,0,0,0,0,0,0,0,0,0,0,0,0,0,0,0001-01-01,0001-01-01
Guildford,0,850000,780000,805000,0,0,450000,632500,0,410,490,615,0,350,400,495,0,0,0,0,0,0,0,0,0,0,0,0,0,0,0,0,0,0,0,0,0001-01-01,0001-01-01
Guildford West,0,0,727000,780000,0,0,0,0,0,425,490,650,0,0,0,0,0,0,0,0,0,0,0,0,0,0,0,0,0,0,0,0,0,0,0,0,0001-01-01,0001-01-01
Gymea,0,0,1045000,1240000,0,0,688000,954500,0,510,650,850,0,415,498,665,0,0,0,0,0,0,0,0,0,0,0,0,0,0,0,0,0,0,0,0,0001-01-01,0001-01-01
Gymea Bay,0,0,1154000,1360000,0,0,0,0,0,0,680,785,0,0,0,0,0,0,0,0,0,0,0,0,0,0,0,0,0,0,0,0,0,0,0,0,0001-01-01,0001-01-01
Haberfield,0,0,1565000,2250000,0,0,0,0,0,685,800,1100,0,395,500,0,0,0,0,0,0,0,0,0,0,0,0,0,0,0,0,0,0,0,0,0,0001-01-01,0001-01-01
Hammondville,0,0,757500,0,0,0,0,0,0,0,500,605,0,0,0,0,0,0,0,0,0,0,0,0,0,0,0,0,0,0,0,0,0,0,0,0,0001-01-01,0001-01-01
Harrington Park,0,0,0,844000,0,0,0,0,0,0,480,550,0,0,0,0,0,0,0,0,0,0,0,0,0,0,0,0,0,0,0,0,0,0,0,0,0001-01-01,0001-01-01
Harris Park,0,0,0,0,0,0,480000,0,0,0,0,0,0,350,410,550,0,0,0,0,0,0,0,0,0,0,0,0,0,0,0,0,0,0,0,0,0001-01-01,0001-01-01
Hassall Grove,0,0,626000,680000,0,0,0,0,0,330,418,450,0,0,0,0,0,0,0,0,0,0,0,0,0,0,0,0,0,0,0,0,0,0,0,0,0001-01-01,0001-01-01
Haymarket,0,0,0,0,0,0,1180000,0,0,0,0,0,0,700,1000,1340,0,0,0,0,0,0,0,0,0,0,0,0,0,0,0,0,0,0,0,0,0001-01-01,0001-01-01
Heathcote,0,0,856250,1049250,0,0,0,0,0,0,600,735,0,385,550,0,0,0,0,0,0,0,0,0,0,0,0,0,0,0,0,0,0,0,0,0,0001-01-01,0001-01-01
Hebersham,0,0,534499,600000,0,0,0,0,0,333,350,425,0,0,0,0,0,0,0,0,0,0,0,0,0,0,0,0,0,0,0,0,0,0,0,0,0001-01-01,0001-01-01
Heckenberg,0,0,661500,0,0,0,0,0,0,350,390,460,0,0,0,0,0,0,0,0,0,0,0,0,0,0,0,0,0,0,0,0,0,0,0,0,0001-01-01,0001-01-01
Henley,0,0,0,0,0,0,0,0,0,0,0,0,0,0,0,0,0,0,0,0,0,0,0,0,0,0,0,0,0,0,0,0,0,0,0,0,0001-01-01,0001-01-01
Hillsdale,0,0,0,0,0,0,615000,755000,0,0,0,0,0,420,450,550,0,0,0,0,0,0,0,0,0,0,0,0,0,0,0,0,0,0,0,0,0001-01-01,0001-01-01
Hinchinbrook,0,0,618500,798000,0,0,0,0,0,385,438,510,0,0,0,415,0,0,0,0,0,0,0,0,0,0,0,0,0,0,0,0,0,0,0,0,0001-01-01,0001-01-01
Hobartville,0,0,640000,0,0,0,0,0,0,0,450,0,0,0,0,0,0,0,0,0,0,0,0,0,0,0,0,0,0,0,0,0,0,0,0,0,0001-01-01,0001-01-01
Holroyd,0,0,0,0,0,0,0,0,0,0,0,0,0,0,460,520,0,0,0,0,0,0,0,0,0,0,0,0,0,0,0,0,0,0,0,0,0001-01-01,0001-01-01
Holsworthy,0,0,765000,822500,0,0,0,0,0,405,500,550,0,0,0,520,0,0,0,0,0,0,0,0,0,0,0,0,0,0,0,0,0,0,0,0,0001-01-01,0001-01-01
Homebush,0,692500,0,0,0,525000,660000,0,0,450,555,0,0,450,540,660,0,0,0,0,0,0,0,0,0,0,0,0,0,0,0,0,0,0,0,0,0001-01-01,0001-01-01
Homebush West,0,0,0,0,0,482000,615000,650000,0,0,540,0,0,400,490,585,0,0,0,0,0,0,0,0,0,0,0,0,0,0,0,0,0,0,0,0,0001-01-01,0001-01-01
Horningsea Park,0,0,657500,804000,0,0,0,0,0,0,500,560,0,0,0,0,0,0,0,0,0,0,0,0,0,0,0,0,0,0,0,0,0,0,0,0,0001-01-01,0001-01-01
Hornsby,0,0,1062500,1215000,0,507500,650000,903000,0,490,595,710,0,400,470,580,0,0,0,0,0,0,0,0,0,0,0,0,0,0,0,0,0,0,0,0,0001-01-01,0001-01-01
Hornsby Heights,0,0,952500,1138000,0,0,0,0,0,0,585,695,0,0,0,0,0,0,0,0,0,0,0,0,0,0,0,0,0,0,0,0,0,0,0,0,0001-01-01,0001-01-01
Horsley Park,0,0,0,0,0,0,0,0,0,0,0,0,0,0,0,0,0,0,0,0,0,0,0,0,0,0,0,0,0,0,0,0,0,0,0,0,0001-01-01,0001-01-01
Hoxton Park,0,0,650000,0,0,0,0,0,0,0,450,525,0,0,0,0,0,0,0,0,0,0,0,0,0,0,0,0,0,0,0,0,0,0,0,0,0001-01-01,0001-01-01
Hunters Hill,0,0,2200000,3150000,0,0,962750,1567500,0,640,850,1300,0,450,540,950,0,0,0,0,0,0,0,0,0,0,0,0,0,0,0,0,0,0,0,0,0001-01-01,0001-01-01
Huntingwood,0,0,0,0,0,0,0,0,0,0,0,0,0,0,0,0,0,0,0,0,0,0,0,0,0,0,0,0,0,0,0,0,0,0,0,0,0001-01-01,0001-01-01
Huntleys Cove,0,0,0,0,0,0,0,0,0,0,0,0,0,0,670,945,0,0,0,0,0,0,0,0,0,0,0,0,0,0,0,0,0,0,0,0,0001-01-01,0001-01-01
Huntleys Point,0,0,0,0,0,0,0,0,0,0,0,0,0,0,0,0,0,0,0,0,0,0,0,0,0,0,0,0,0,0,0,0,0,0,0,0,0001-01-01,0001-01-01
Hurlstone Park,0,0,1347500,0,0,0,704000,0,0,595,685,0,0,365,450,0,0,0,0,0,0,0,0,0,0,0,0,0,0,0,0,0,0,0,0,0,0001-01-01,0001-01-01
Hurstville,0,0,1250000,0,0,539000,700000,857500,0,473,580,700,0,450,540,650,0,0,0,0,0,0,0,0,0,0,0,0,0,0,0,0,0,0,0,0,0001-01-01,0001-01-01
Hurstville Grove,0,0,0,0,0,0,0,0,0,0,550,0,0,0,0,0,0,0,0,0,0,0,0,0,0,0,0,0,0,0,0,0,0,0,0,0,0001-01-01,0001-01-01
Illawong,0,0,0,1230000,0,0,0,0,0,0,650,765,0,0,550,0,0,0,0,0,0,0,0,0,0,0,0,0,0,0,0,0,0,0,0,0,0001-01-01,0001-01-01
Ingleburn,0,0,635000,685000,0,0,460000,514000,0,360,410,495,0,310,360,400,0,0,0,0,0,0,0,0,0,0,0,0,0,0,0,0,0,0,0,0,0001-01-01,0001-01-01
Ingleside,0,0,0,0,0,0,0,0,0,0,0,0,0,0,0,0,0,0,0,0,0,0,0,0,0,0,0,0,0,0,0,0,0,0,0,0,0001-01-01,0001-01-01
Jamisontown,0,0,647500,714000,0,0,397000,0,0,365,430,493,0,0,350,390,0,0,0,0,0,0,0,0,0,0,0,0,0,0,0,0,0,0,0,0,0001-01-01,0001-01-01
Jannali,0,905000,980000,1160000,0,0,605000,0,0,505,620,0,0,340,435,0,0,0,0,0,0,0,0,0,0,0,0,0,0,0,0,0,0,0,0,0,0001-01-01,0001-01-01
Jordan Springs,0,0,650000,728000,0,0,0,0,0,320,500,545,0,0,393,0,0,0,0,0,0,0,0,0,0,0,0,0,0,0,0,0,0,0,0,0,0001-01-01,0001-01-01
Kangaroo Point,0,0,0,0,0,0,0,0,0,0,0,0,0,0,0,0,0,0,0,0,0,0,0,0,0,0,0,0,0,0,0,0,0,0,0,0,0001-01-01,0001-01-01
Kareela,0,0,973000,1135000,0,0,0,0,0,0,0,0,0,0,0,0,0,0,0,0,0,0,0,0,0,0,0,0,0,0,0,0,0,0,0,0,0001-01-01,0001-01-01
Kearns,0,0,645000,0,0,0,0,0,0,0,400,500,0,0,0,0,0,0,0,0,0,0,0,0,0,0,0,0,0,0,0,0,0,0,0,0,0001-01-01,0001-01-01
Kellyville,0,0,894000,1070000,0,0,707500,763500,0,400,578,650,0,455,500,580,0,0,0,0,0,0,0,0,0,0,0,0,0,0,0,0,0,0,0,0,0001-01-01,0001-01-01
Kellyville Ridge,0,0,0,930000,0,0,540000,670000,0,0,550,605,0,400,460,500,0,0,0,0,0,0,0,0,0,0,0,0,0,0,0,0,0,0,0,0,0001-01-01,0001-01-01
Kemps Creek,0,0,0,0,0,0,0,0,0,0,455,565,0,0,0,0,0,0,0,0,0,0,0,0,0,0,0,0,0,0,0,0,0,0,0,0,0001-01-01,0001-01-01
Kensington,0,0,2662500,2886000,0,672500,893500,1600000,0,0,920,1225,0,500,600,830,0,0,0,0,0,0,0,0,0,0,0,0,0,0,0,0,0,0,0,0,0001-01-01,0001-01-01
Kenthurst,0,0,0,1880000,0,0,0,0,0,470,550,0,0,0,0,0,0,0,0,0,0,0,0,0,0,0,0,0,0,0,0,0,0,0,0,0,0001-01-01,0001-01-01
Kentlyn,0,0,0,0,0,0,0,0,0,0,0,0,0,0,0,0,0,0,0,0,0,0,0,0,0,0,0,0,0,0,0,0,0,0,0,0,0001-01-01,0001-01-01
Killara,0,0,0,2225000,0,0,870000,1372500,0,0,820,1125,0,495,600,820,0,0,0,0,0,0,0,0,0,0,0,0,0,0,0,0,0,0,0,0,0001-01-01,0001-01-01
Killarney Heights,0,0,1485000,1652500,0,0,0,0,0,0,598,950,0,0,0,0,0,0,0,0,0,0,0,0,0,0,0,0,0,0,0,0,0,0,0,0,0001-01-01,0001-01-01
Kings Langley,0,0,831111,910000,0,0,0,0,0,400,500,590,0,0,0,0,0,0,0,0,0,0,0,0,0,0,0,0,0,0,0,0,0,0,0,0,0001-01-01,0001-01-01
Kings Park,0,0,688000,0,0,0,0,0,0,373,460,485,0,0,0,0,0,0,0,0,0,0,0,0,0,0,0,0,0,0,0,0,0,0,0,0,0001-01-01,0001-01-01
Kingsford,0,0,1875000,0,0,607500,740000,1120000,0,670,885,1150,0,410,595,830,0,0,0,0,0,0,0,0,0,0,0,0,0,0,0,0,0,0,0,0,0001-01-01,0001-01-01
Kingsgrove,0,980000,1146500,1232500,0,0,0,0,0,530,630,690,0,390,450,0,0,0,0,0,0,0,0,0,0,0,0,0,0,0,0,0,0,0,0,0,0001-01-01,0001-01-01
Kingswood,0,0,0,0,0,0,0,0,0,0,0,0,0,0,0,0,0,0,0,0,0,0,0,0,0,0,0,0,0,0,0,0,0,0,0,0,0001-01-01,0001-01-01
Kirkham,0,0,0,0,0,0,0,0,0,0,0,0,0,0,0,0,0,0,0,0,0,0,0,0,0,0,0,0,0,0,0,0,0,0,0,0,0001-01-01,0001-01-01
Kirrawee,0,0,1017500,1175000,0,0,580000,777500,0,550,650,723,0,480,520,660,0,0,0,0,0,0,0,0,0,0,0,0,0,0,0,0,0,0,0,0,0001-01-01,0001-01-01
Kirribilli,0,0,0,0,0,1081000,1450000,0,0,0,1200,0,0,515,750,975,0,0,0,0,0,0,0,0,0,0,0,0,0,0,0,0,0,0,0,0,0001-01-01,0001-01-01
Kogarah,0,0,1205000,1435500,0,0,628000,0,0,533,665,780,0,420,490,680,0,0,0,0,0,0,0,0,0,0,0,0,0,0,0,0,0,0,0,0,0001-01-01,0001-01-01
Kogarah Bay,0,0,0,0,0,0,0,0,0,0,690,0,0,0,0,0,0,0,0,0,0,0,0,0,0,0,0,0,0,0,0,0,0,0,0,0,0001-01-01,0001-01-01
Kurnell,0,0,0,0,0,0,0,0,0,0,700,0,0,0,0,0,0,0,0,0,0,0,0,0,0,0,0,0,0,0,0,0,0,0,0,0,0001-01-01,0001-01-01
Kurraba Point,0,0,0,0,0,850000,1375000,0,0,0,0,0,0,0,673,0,0,0,0,0,0,0,0,0,0,0,0,0,0,0,0,0,0,0,0,0,0001-01-01,0001-01-01
Kyeemagh,0,0,0,0,0,0,0,0,0,0,700,0,0,0,0,0,0,0,0,0,0,0,0,0,0,0,0,0,0,0,0,0,0,0,0,0,0001-01-01,0001-01-01
Kyle Bay,0,0,0,0,0,0,0,0,0,0,0,0,0,0,0,0,0,0,0,0,0,0,0,0,0,0,0,0,0,0,0,0,0,0,0,0,0001-01-01,0001-01-01
La Perouse,0,0,0,0,0,0,0,0,0,0,0,0,0,0,0,0,0,0,0,0,0,0,0,0,0,0,0,0,0,0,0,0,0,0,0,0,0001-01-01,0001-01-01
Lakemba,0,0,845000,0,0,0,405000,0,0,410,550,0,0,315,370,450,0,0,0,0,0,0,0,0,0,0,0,0,0,0,0,0,0,0,0,0,0001-01-01,0001-01-01
Lalor Park,0,0,645000,650000,0,0,0,0,0,370,420,455,0,0,340,0,0,0,0,0,0,0,0,0,0,0,0,0,0,0,0,0,0,0,0,0,0001-01-01,0001-01-01
Lane Cove,0,0,1750000,2180000,0,635000,780000,1285000,0,580,830,940,0,500,550,750,0,0,0,0,0,0,0,0,0,0,0,0,0,0,0,0,0,0,0,0,0001-01-01,0001-01-01
Lane Cove North,0,0,1525000,1985000,0,605000,740000,1079000,0,0,0,0,0,500,580,780,0,0,0,0,0,0,0,0,0,0,0,0,0,0,0,0,0,0,0,0,0001-01-01,0001-01-01
Lane Cove West,0,0,0,0,0,0,0,0,0,0,940,0,0,0,0,0,0,0,0,0,0,0,0,0,0,0,0,0,0,0,0,0,0,0,0,0,0001-01-01,0001-01-01
Lansdowne,0,0,0,0,0,0,0,0,0,0,0,0,0,0,0,0,0,0,0,0,0,0,0,0,0,0,0,0,0,0,0,0,0,0,0,0,0001-01-01,0001-01-01
Lansvale,0,0,710000,0,0,0,0,0,0,0,480,540,0,0,0,0,0,0,0,0,0,0,0,0,0,0,0,0,0,0,0,0,0,0,0,0,0001-01-01,0001-01-01
Laughtondale,0,0,0,0,0,0,0,0,0,0,0,0,0,0,0,0,0,0,0,0,0,0,0,0,0,0,0,0,0,0,0,0,0,0,0,0,0001-01-01,0001-01-01
Lavender Bay,0,0,0,0,0,773500,0,0,0,0,0,0,0,525,650,0,0,0,0,0,0,0,0,0,0,0,0,0,0,0,0,0,0,0,0,0,0001-01-01,0001-01-01
Leets Vale,0,0,0,0,0,0,0,0,0,0,0,0,0,0,0,0,0,0,0,0,0,0,0,0,0,0,0,0,0,0,0,0,0,0,0,0,0001-01-01,0001-01-01
Leichhardt,0,1195000,1380000,1760000,0,662000,945000,0,0,690,850,995,0,495,650,790,0,0,0,0,0,0,0,0,0,0,0,0,0,0,0,0,0,0,0,0,0001-01-01,0001-01-01
Len Waters Estate,0,0,0,0,0,0,0,0,0,0,0,0,0,0,0,0,0,0,0,0,0,0,0,0,0,0,0,0,0,0,0,0,0,0,0,0,0001-01-01,0001-01-01
Leonay,0,0,0,871000,0,0,0,0,0,0,480,590,0,0,0,0,0,0,0,0,0,0,0,0,0,0,0,0,0,0,0,0,0,0,0,0,0001-01-01,0001-01-01
Leppington,0,0,0,827500,0,0,0,0,0,365,500,550,0,0,0,0,0,0,0,0,0,0,0,0,0,0,0,0,0,0,0,0,0,0,0,0,0001-01-01,0001-01-01
Lethbridge Park,0,0,500000,0,0,0,0,0,0,300,340,410,0,0,300,0,0,0,0,0,0,0,0,0,0,0,0,0,0,0,0,0,0,0,0,0,0001-01-01,0001-01-01
Leumeah,0,0,596500,655000,0,0,400000,0,0,345,400,450,0,0,350,0,0,0,0,0,0,0,0,0,0,0,0,0,0,0,0,0,0,0,0,0,0001-01-01,0001-01-01
Lewisham,0,0,1410000,0,0,0,775000,0,0,0,770,975,0,485,580,0,0,0,0,0,0,0,0,0,0,0,0,0,0,0,0,0,0,0,0,0,0001-01-01,0001-01-01
Liberty Grove,0,0,0,0,0,0,0,0,0,0,500,0,0,0,393,490,0,0,0,0,0,0,0,0,0,0,0,0,0,0,0,0,0,0,0,0,0001-01-01,0001-01-01
Lidcombe,0,0,1000000,1150000,0,0,628000,837500,0,450,570,650,0,450,530,610,0,0,0,0,0,0,0,0,0,0,0,0,0,0,0,0,0,0,0,0,0001-01-01,0001-01-01
Lilli Pilli,0,0,0,0,0,0,0,0,0,0,0,0,0,0,0,0,0,0,0,0,0,0,0,0,0,0,0,0,0,0,0,0,0,0,0,0,0001-01-01,0001-01-01
Lilyfield,0,1275000,1770000,2128750,0,0,0,0,0,700,850,1000,0,440,575,900,0,0,0,0,0,0,0,0,0,0,0,0,0,0,0,0,0,0,0,0,0001-01-01,0001-01-01
Lindfield,0,0,1955000,2305000,0,0,953750,1388000,0,0,810,1200,0,540,670,900,0,0,0,0,0,0,0,0,0,0,0,0,0,0,0,0,0,0,0,0,0001-01-01,0001-01-01
Linley Point,0,0,0,0,0,0,0,0,0,0,0,0,0,0,0,0,0,0,0,0,0,0,0,0,0,0,0,0,0,0,0,0,0,0,0,0,0001-01-01,0001-01-01
Little Bay,0,0,0,1685000,0,0,1046000,0,0,0,940,1050,0,550,750,1040,0,0,0,0,0,0,0,0,0,0,0,0,0,0,0,0,0,0,0,0,0001-01-01,0001-01-01
Liverpool,0,509000,723500,810000,0,360000,410000,570000,0,370,423,540,0,360,380,480,0,0,0,0,0,0,0,0,0,0,0,0,0,0,0,0,0,0,0,0,0001-01-01,0001-01-01
Llandilo,0,0,0,700000,0,0,0,0,0,0,500,550,0,0,0,0,0,0,0,0,0,0,0,0,0,0,0,0,0,0,0,0,0,0,0,0,0001-01-01,0001-01-01
Loftus,0,0,974750,1145000,0,0,0,0,0,0,615,0,0,0,0,0,0,0,0,0,0,0,0,0,0,0,0,0,0,0,0,0,0,0,0,0,0001-01-01,0001-01-01
Londonderry,0,0,0,0,0,0,0,0,0,0,495,540,0,0,0,0,0,0,0,0,0,0,0,0,0,0,0,0,0,0,0,0,0,0,0,0,0001-01-01,0001-01-01
Long Point,0,0,0,0,0,0,0,0,0,0,0,0,0,0,0,0,0,0,0,0,0,0,0,0,0,0,0,0,0,0,0,0,0,0,0,0,0001-01-01,0001-01-01
Longueville,0,0,0,0,0,0,0,0,0,0,985,0,0,0,0,0,0,0,0,0,0,0,0,0,0,0,0,0,0,0,0,0,0,0,0,0,0001-01-01,0001-01-01
Lower Portland,0,0,0,0,0,0,0,0,0,0,0,0,0,0,0,0,0,0,0,0,0,0,0,0,0,0,0,0,0,0,0,0,0,0,0,0,0001-01-01,0001-01-01
Luddenham,0,0,0,0,0,0,0,0,0,0,0,0,0,0,0,0,0,0,0,0,0,0,0,0,0,0,0,0,0,0,0,0,0,0,0,0,0001-01-01,0001-01-01
Lugarno,0,0,1100000,1252500,0,0,0,0,0,0,575,0,0,0,0,0,0,0,0,0,0,0,0,0,0,0,0,0,0,0,0,0,0,0,0,0,0001-01-01,0001-01-01
Lurnea,0,0,675000,717500,0,0,0,0,0,350,430,480,0,0,378,450,0,0,0,0,0,0,0,0,0,0,0,0,0,0,0,0,0,0,0,0,0001-01-01,0001-01-01
Macquarie Fields,0,0,610000,663500,0,0,429000,521000,0,360,400,460,0,0,350,380,0,0,0,0,0,0,0,0,0,0,0,0,0,0,0,0,0,0,0,0,0001-01-01,0001-01-01
Macquarie Links,0,0,0,0,0,0,0,0,0,0,0,0,0,0,0,0,0,0,0,0,0,0,0,0,0,0,0,0,0,0,0,0,0,0,0,0,0001-01-01,0001-01-01
Macquarie Park,0,0,0,0,0,695000,1000000,1760480,0,0,0,0,0,510,480,650,0,0,0,0,0,0,0,0,0,0,0,0,0,0,0,0,0,0,0,0,0001-01-01,0001-01-01
Maianbar,0,0,0,0,0,0,0,0,0,0,0,0,0,0,0,0,0,0,0,0,0,0,0,0,0,0,0,0,0,0,0,0,0,0,0,0,0001-01-01,0001-01-01
Malabar,0,0,0,0,0,0,0,0,0,0,800,0,0,0,0,0,0,0,0,0,0,0,0,0,0,0,0,0,0,0,0,0,0,0,0,0,0001-01-01,0001-01-01
Manly,0,0,2500000,3380000,0,776250,1400000,1880000,0,850,1275,1800,0,600,800,1200,0,0,0,0,0,0,0,0,0,0,0,0,0,0,0,0,0,0,0,0,0001-01-01,0001-01-01
Manly Vale,0,0,1670000,0,0,0,825000,0,0,0,913,0,0,500,600,795,0,0,0,0,0,0,0,0,0,0,0,0,0,0,0,0,0,0,0,0,0001-01-01,0001-01-01
Maraylya,0,0,0,0,0,0,0,0,0,0,0,0,0,0,0,0,0,0,0,0,0,0,0,0,0,0,0,0,0,0,0,0,0,0,0,0,0001-01-01,0001-01-01
Marayong,0,0,655000,702000,0,0,0,0,0,360,420,480,0,0,340,0,0,0,0,0,0,0,0,0,0,0,0,0,0,0,0,0,0,0,0,0,0001-01-01,0001-01-01
Maroota,0,0,0,0,0,0,0,0,0,0,0,0,0,0,0,0,0,0,0,0,0,0,0,0,0,0,0,0,0,0,0,0,0,0,0,0,0001-01-01,0001-01-01
Maroubra,0,1492000,1730000,2232500,0,660000,865000,1097500,0,700,900,1250,0,520,630,830,0,0,0,0,0,0,0,0,0,0,0,0,0,0,0,0,0,0,0,0,0001-01-01,0001-01-01
Marrickville,0,1207500,1390000,1601750,0,610000,721000,960000,0,620,750,950,0,410,500,690,0,0,0,0,0,0,0,0,0,0,0,0,0,0,0,0,0,0,0,0,0001-01-01,0001-01-01
Marsden Park,0,0,0,802000,0,0,0,0,0,448,505,570,0,0,0,495,0,0,0,0,0,0,0,0,0,0,0,0,0,0,0,0,0,0,0,0,0001-01-01,0001-01-01
Marsfield,0,0,1350000,1575000,0,0,742500,1005000,0,495,625,720,0,430,490,620,0,0,0,0,0,0,0,0,0,0,0,0,0,0,0,0,0,0,0,0,0001-01-01,0001-01-01
Mascot,0,0,1286500,1580000,0,693750,850500,1085000,0,640,750,950,0,580,720,900,0,0,0,0,0,0,0,0,0,0,0,0,0,0,0,0,0,0,0,0,0001-01-01,0001-01-01
Matraville,0,0,1600000,1725000,0,0,800000,0,0,0,793,1150,0,488,580,720,0,0,0,0,0,0,0,0,0,0,0,0,0,0,0,0,0,0,0,0,0001-01-01,0001-01-01
Mays Hill,0,0,0,0,0,0,0,0,0,0,540,0,0,0,480,0,0,0,0,0,0,0,0,0,0,0,0,0,0,0,0,0,0,0,0,0,0001-01-01,0001-01-01
McCarrs Creek,0,0,0,0,0,0,0,0,0,0,0,0,0,0,0,0,0,0,0,0,0,0,0,0,0,0,0,0,0,0,0,0,0,0,0,0,0001-01-01,0001-01-01
McGraths Hill,0,0,710000,830750,0,0,0,0,0,0,475,595,0,0,0,0,0,0,0,0,0,0,0,0,0,0,0,0,0,0,0,0,0,0,0,0,0001-01-01,0001-01-01
McMahons Point,0,0,0,0,0,838500,1600000,0,0,0,1125,0,0,520,700,1250,0,0,0,0,0,0,0,0,0,0,0,0,0,0,0,0,0,0,0,0,0001-01-01,0001-01-01
Meadowbank,0,0,0,0,0,567500,670000,972000,0,0,0,0,0,440,500,760,0,0,0,0,0,0,0,0,0,0,0,0,0,0,0,0,0,0,0,0,0001-01-01,0001-01-01
Melrose Park,0,0,0,0,0,0,0,0,0,0,650,0,0,0,0,0,0,0,0,0,0,0,0,0,0,0,0,0,0,0,0,0,0,0,0,0,0001-01-01,0001-01-01
Menai,0,0,810000,1067500,0,0,0,751000,0,0,650,755,0,0,500,583,0,0,0,0,0,0,0,0,0,0,0,0,0,0,0,0,0,0,0,0,0001-01-01,0001-01-01
Menangle Park,0,0,0,0,0,0,0,0,0,0,0,0,0,0,0,0,0,0,0,0,0,0,0,0,0,0,0,0,0,0,0,0,0,0,0,0,0001-01-01,0001-01-01
Merrylands,0,780000,790000,825000,0,0,485000,600000,0,420,500,650,0,350,400,498,0,0,0,0,0,0,0,0,0,0,0,0,0,0,0,0,0,0,0,0,0001-01-01,0001-01-01
Merrylands West,0,0,780000,760000,0,0,447500,611250,0,0,540,630,0,0,400,0,0,0,0,0,0,0,0,0,0,0,0,0,0,0,0,0,0,0,0,0,0001-01-01,0001-01-01
Middle Cove,0,0,0,0,0,0,0,0,0,0,0,0,0,0,0,0,0,0,0,0,0,0,0,0,0,0,0,0,0,0,0,0,0,0,0,0,0001-01-01,0001-01-01
Middle Dural,0,0,0,0,0,0,0,0,0,0,0,0,0,0,0,0,0,0,0,0,0,0,0,0,0,0,0,0,0,0,0,0,0,0,0,0,0001-01-01,0001-01-01
Middleton Grange,0,0,672500,835000,0,0,0,0,0,0,523,580,0,0,0,0,0,0,0,0,0,0,0,0,0,0,0,0,0,0,0,0,0,0,0,0,0001-01-01,0001-01-01
Miller,0,0,0,0,0,0,0,0,0,0,400,440,0,0,0,0,0,0,0,0,0,0,0,0,0,0,0,0,0,0,0,0,0,0,0,0,0001-01-01,0001-01-01
Millers Point,0,0,0,0,0,0,0,0,0,0,0,0,0,0,0,0,0,0,0,0,0,0,0,0,0,0,0,0,0,0,0,0,0,0,0,0,0001-01-01,0001-01-01
Milperra,0,0,832000,941000,0,0,0,0,0,0,550,650,0,0,0,0,0,0,0,0,0,0,0,0,0,0,0,0,0,0,0,0,0,0,0,0,0001-01-01,0001-01-01
Milsons Passage,0,0,0,0,0,0,0,0,0,0,0,0,0,0,0,0,0,0,0,0,0,0,0,0,0,0,0,0,0,0,0,0,0,0,0,0,0001-01-01,0001-01-01
Milsons Point,0,0,0,0,0,1111000,1782500,0,0,0,0,0,0,630,900,1350,0,0,0,0,0,0,0,0,0,0,0,0,0,0,0,0,0,0,0,0,0001-01-01,0001-01-01
Minchinbury,0,0,630000,720000,0,0,0,0,0,350,450,520,0,0,0,0,0,0,0,0,0,0,0,0,0,0,0,0,0,0,0,0,0,0,0,0,0001-01-01,0001-01-01
Minto,0,0,600000,715875,0,0,415000,0,0,350,400,500,0,0,325,0,0,0,0,0,0,0,0,0,0,0,0,0,0,0,0,0,0,0,0,0,0001-01-01,0001-01-01
Minto Heights,0,0,0,0,0,0,0,0,0,0,0,0,0,0,0,0,0,0,0,0,0,0,0,0,0,0,0,0,0,0,0,0,0,0,0,0,0001-01-01,0001-01-01
Miranda,0,0,1077000,1250000,0,0,665000,860000,0,480,670,850,0,420,480,570,0,0,0,0,0,0,0,0,0,0,0,0,0,0,0,0,0,0,0,0,0001-01-01,0001-01-01
Mona Vale,0,0,1415000,1700000,0,0,868000,1360000,0,650,895,1100,0,455,625,950,0,0,0,0,0,0,0,0,0,0,0,0,0,0,0,0,0,0,0,0,0001-01-01,0001-01-01
Monterey,0,0,0,0,0,0,632500,970000,0,495,645,875,0,390,460,573,0,0,0,0,0,0,0,0,0,0,0,0,0,0,0,0,0,0,0,0,0001-01-01,0001-01-01
Moore Park,0,0,0,0,0,0,0,0,0,0,0,0,0,0,0,0,0,0,0,0,0,0,0,0,0,0,0,0,0,0,0,0,0,0,0,0,0001-01-01,0001-01-01
Moorebank,0,0,809100,952500,0,0,0,0,0,380,550,650,0,0,450,480,0,0,0,0,0,0,0,0,0,0,0,0,0,0,0,0,0,0,0,0,0001-01-01,0001-01-01
Mortdale,0,0,1041000,1270000,0,0,610000,0,0,498,590,765,0,360,430,643,0,0,0,0,0,0,0,0,0,0,0,0,0,0,0,0,0,0,0,0,0001-01-01,0001-01-01
Mortlake,0,0,0,0,0,0,0,0,0,0,0,0,0,480,600,700,0,0,0,0,0,0,0,0,0,0,0,0,0,0,0,0,0,0,0,0,0001-01-01,0001-01-01
Mosman,0,0,2522500,4262500,0,708000,980000,2225000,0,725,1200,1925,0,480,650,1000,0,0,0,0,0,0,0,0,0,0,0,0,0,0,0,0,0,0,0,0,0001-01-01,0001-01-01
Mount Annan,0,0,600000,750000,0,0,0,0,0,390,440,530,0,0,0,0,0,0,0,0,0,0,0,0,0,0,0,0,0,0,0,0,0,0,0,0,0001-01-01,0001-01-01
Mount Colah,0,0,944000,1030000,0,0,0,0,0,415,585,690,0,410,475,0,0,0,0,0,0,0,0,0,0,0,0,0,0,0,0,0,0,0,0,0,0001-01-01,0001-01-01
Mount Druitt,0,0,627500,735000,0,0,365000,497000,0,348,400,500,0,260,330,400,0,0,0,0,0,0,0,0,0,0,0,0,0,0,0,0,0,0,0,0,0001-01-01,0001-01-01
Mount Kuring-Gai,0,0,0,0,0,0,0,0,0,0,0,0,0,0,0,0,0,0,0,0,0,0,0,0,0,0,0,0,0,0,0,0,0,0,0,0,0001-01-01,0001-01-01
Mount Lewis,0,0,0,0,0,0,0,0,0,0,0,0,0,0,0,0,0,0,0,0,0,0,0,0,0,0,0,0,0,0,0,0,0,0,0,0,0001-01-01,0001-01-01
Mount Pritchard,0,0,653500,715000,0,0,0,0,0,370,420,485,0,260,400,0,0,0,0,0,0,0,0,0,0,0,0,0,0,0,0,0,0,0,0,0,0001-01-01,0001-01-01
Mount Vernon,0,0,0,0,0,0,0,0,0,0,0,0,0,0,0,0,0,0,0,0,0,0,0,0,0,0,0,0,0,0,0,0,0,0,0,0,0001-01-01,0001-01-01
Mulgoa,0,0,0,0,0,0,0,0,0,0,0,0,0,0,0,0,0,0,0,0,0,0,0,0,0,0,0,0,0,0,0,0,0,0,0,0,0001-01-01,0001-01-01
Mulgrave,0,0,0,0,0,0,0,0,0,0,0,0,0,0,0,0,0,0,0,0,0,0,0,0,0,0,0,0,0,0,0,0,0,0,0,0,0001-01-01,0001-01-01
Narellan Vale,0,0,590000,695000,0,0,0,0,0,0,450,513,0,0,0,0,0,0,0,0,0,0,0,0,0,0,0,0,0,0,0,0,0,0,0,0,0001-01-01,0001-01-01
Naremburn,0,0,2055000,0,0,0,1055000,1400000,0,700,1000,0,0,490,650,900,0,0,0,0,0,0,0,0,0,0,0,0,0,0,0,0,0,0,0,0,0001-01-01,0001-01-01
Narrabeen,0,0,0,0,0,648000,812500,1380000,0,650,875,0,0,475,600,913,0,0,0,0,0,0,0,0,0,0,0,0,0,0,0,0,0,0,0,0,0001-01-01,0001-01-01
Narraweena,0,0,1342500,1525000,0,0,0,0,0,575,800,950,0,0,565,0,0,0,0,0,0,0,0,0,0,0,0,0,0,0,0,0,0,0,0,0,0001-01-01,0001-01-01
Narwee,0,0,948444,1047470,0,0,544400,0,0,460,560,725,0,300,400,545,0,0,0,0,0,0,0,0,0,0,0,0,0,0,0,0,0,0,0,0,0001-01-01,0001-01-01
Nelson,0,0,0,0,0,0,0,0,0,0,0,0,0,0,0,0,0,0,0,0,0,0,0,0,0,0,0,0,0,0,0,0,0,0,0,0,0001-01-01,0001-01-01
Neutral Bay,0,0,2280000,0,0,608000,1040000,1755000,0,795,1100,1525,0,480,648,950,0,0,0,0,0,0,0,0,0,0,0,0,0,0,0,0,0,0,0,0,0001-01-01,0001-01-01
Newington,0,0,1200000,1530000,0,0,713500,0,0,0,730,880,0,475,540,650,0,0,0,0,0,0,0,0,0,0,0,0,0,0,0,0,0,0,0,0,0001-01-01,0001-01-01
Newport,0,0,1500000,2000000,0,549000,805000,1200000,0,650,900,1200,0,410,560,750,0,0,0,0,0,0,0,0,0,0,0,0,0,0,0,0,0,0,0,0,0001-01-01,0001-01-01
Newtown,0,1197500,1525000,0,0,607500,900000,0,0,700,880,1150,0,460,650,795,0,0,0,0,0,0,0,0,0,0,0,0,0,0,0,0,0,0,0,0,0001-01-01,0001-01-01
Normanhurst,0,0,1152500,1300000,0,0,0,0,0,0,595,810,0,0,0,0,0,0,0,0,0,0,0,0,0,0,0,0,0,0,0,0,0,0,0,0,0001-01-01,0001-01-01
North Balgowlah,0,0,0,2150000,0,0,0,0,0,0,950,1500,0,0,500,0,0,0,0,0,0,0,0,0,0,0,0,0,0,0,0,0,0,0,0,0,0001-01-01,0001-01-01
North Bondi,0,1955000,2462500,3162500,0,795000,1250000,1500000,0,1050,1200,1800,0,575,750,1150,0,0,0,0,0,0,0,0,0,0,0,0,0,0,0,0,0,0,0,0,0001-01-01,0001-01-01
North Curl Curl,0,0,1930000,2190000,0,0,0,0,0,0,980,1273,0,440,668,0,0,0,0,0,0,0,0,0,0,0,0,0,0,0,0,0,0,0,0,0,0001-01-01,0001-01-01
North Epping,0,0,1235000,1555000,0,0,0,0,0,0,0,690,0,0,0,0,0,0,0,0,0,0,0,0,0,0,0,0,0,0,0,0,0,0,0,0,0001-01-01,0001-01-01
North Kellyville,0,0,0,0,0,0,0,0,0,0,0,0,0,0,0,0,0,0,0,0,0,0,0,0,0,0,0,0,0,0,0,0,0,0,0,0,0001-01-01,0001-01-01
North Manly,0,0,1635000,0,0,0,0,0,0,0,850,1175,0,465,650,0,0,0,0,0,0,0,0,0,0,0,0,0,0,0,0,0,0,0,0,0,0001-01-01,0001-01-01
North Narrabeen,0,0,1325000,1470000,0,0,0,0,0,600,800,1100,0,425,0,0,0,0,0,0,0,0,0,0,0,0,0,0,0,0,0,0,0,0,0,0,0001-01-01,0001-01-01
North Parramatta,0,0,1042000,0,0,0,545000,725000,0,480,540,600,0,390,400,520,0,0,0,0,0,0,0,0,0,0,0,0,0,0,0,0,0,0,0,0,0001-01-01,0001-01-01
North Richmond,0,0,630000,770000,0,0,0,540000,0,350,430,545,0,0,335,0,0,0,0,0,0,0,0,0,0,0,0,0,0,0,0,0,0,0,0,0,0001-01-01,0001-01-01
North Rocks,0,0,1046000,1210000,0,0,0,0,0,0,540,650,0,0,498,570,0,0,0,0,0,0,0,0,0,0,0,0,0,0,0,0,0,0,0,0,0001-01-01,0001-01-01
North Ryde,0,845000,1382000,1565000,0,0,0,1139000,0,580,670,850,0,450,593,750,0,0,0,0,0,0,0,0,0,0,0,0,0,0,0,0,0,0,0,0,0001-01-01,0001-01-01
North St Marys,0,0,541500,0,0,0,0,0,0,310,368,395,0,0,315,0,0,0,0,0,0,0,0,0,0,0,0,0,0,0,0,0,0,0,0,0,0001-01-01,0001-01-01
North Strathfield,0,0,0,0,0,0,0,0,0,0,620,835,0,335,530,635,0,0,0,0,0,0,0,0,0,0,0,0,0,0,0,0,0,0,0,0,0001-01-01,0001-01-01
North Sydney,0,0,2315000,0,0,717500,1150500,1960000,0,0,993,1400,0,550,770,1000,0,0,0,0,0,0,0,0,0,0,0,0,0,0,0,0,0,0,0,0,0001-01-01,0001-01-01
North Turramurra,0,0,1470000,1800000,0,0,0,0,0,0,0,0,0,0,0,0,0,0,0,0,0,0,0,0,0,0,0,0,0,0,0,0,0,0,0,0,0001-01-01,0001-01-01
North Willoughby,0,0,0,0,0,0,786500,0,0,0,0,0,0,0,0,0,0,0,0,0,0,0,0,0,0,0,0,0,0,0,0,0,0,0,0,0,0001-01-01,0001-01-01
North Wahroonga,0,0,0,1772500,0,0,0,0,0,0,0,0,0,0,0,0,0,0,0,0,0,0,0,0,0,0,0,0,0,0,0,0,0,0,0,0,0001-01-01,0001-01-01
Northbridge,0,0,2500000,3150000,0,0,0,0,0,550,995,1500,0,505,650,1025,0,0,0,0,0,0,0,0,0,0,0,0,0,0,0,0,0,0,0,0,0001-01-01,0001-01-01
Northmead,0,0,960000,1092500,0,0,570000,740000,0,420,495,600,0,370,440,500,0,0,0,0,0,0,0,0,0,0,0,0,0,0,0,0,0,0,0,0,0001-01-01,0001-01-01
Northwood,0,0,0,0,0,0,0,0,0,0,0,0,0,0,0,0,0,0,0,0,0,0,0,0,0,0,0,0,0,0,0,0,0,0,0,0,0001-01-01,0001-01-01
Norwest,0,0,0,0,0,0,0,0,0,0,0,0,0,0,0,0,0,0,0,0,0,0,0,0,0,0,0,0,0,0,0,0,0,0,0,0,0001-01-01,0001-01-01
Oakhurst,0,0,617000,700000,0,0,0,0,0,350,420,460,0,0,0,0,0,0,0,0,0,0,0,0,0,0,0,0,0,0,0,0,0,0,0,0,0001-01-01,0001-01-01
Oakville,0,0,0,0,0,0,0,0,0,0,0,0,0,0,0,0,0,0,0,0,0,0,0,0,0,0,0,0,0,0,0,0,0,0,0,0,0001-01-01,0001-01-01
Oatlands,0,0,0,1325000,0,0,0,811500,0,0,540,665,0,0,0,600,0,0,0,0,0,0,0,0,0,0,0,0,0,0,0,0,0,0,0,0,0001-01-01,0001-01-01
Oatley,0,0,1497500,1700000,0,0,715000,925000,0,540,650,750,0,0,460,550,0,0,0,0,0,0,0,0,0,0,0,0,0,0,0,0,0,0,0,0,0001-01-01,0001-01-01
Old Guildford,0,0,0,0,0,0,0,0,0,0,515,0,0,0,0,0,0,0,0,0,0,0,0,0,0,0,0,0,0,0,0,0,0,0,0,0,0001-01-01,0001-01-01
Old Toongabbie,0,0,780000,0,0,0,0,0,0,0,450,0,0,0,0,0,0,0,0,0,0,0,0,0,0,0,0,0,0,0,0,0,0,0,0,0,0001-01-01,0001-01-01
Oran Park,0,0,0,755000,0,0,0,0,0,360,485,530,0,320,375,0,0,0,0,0,0,0,0,0,0,0,0,0,0,0,0,0,0,0,0,0,0001-01-01,0001-01-01
Orchard Hills,0,0,0,0,0,0,0,0,0,0,0,0,0,0,0,0,0,0,0,0,0,0,0,0,0,0,0,0,0,0,0,0,0,0,0,0,0001-01-01,0001-01-01
Oxford Falls,0,0,0,0,0,0,0,0,0,0,0,0,0,0,0,0,0,0,0,0,0,0,0,0,0,0,0,0,0,0,0,0,0,0,0,0,0001-01-01,0001-01-01
Oxley Park,0,0,660000,0,0,0,0,525000,0,325,390,0,0,0,390,410,0,0,0,0,0,0,0,0,0,0,0,0,0,0,0,0,0,0,0,0,0001-01-01,0001-01-01
Oyster Bay,0,0,940000,1332500,0,0,0,0,0,503,600,825,0,0,0,0,0,0,0,0,0,0,0,0,0,0,0,0,0,0,0,0,0,0,0,0,0001-01-01,0001-01-01
Paddington,0,1600000,2350000,3075000,0,682500,1100000,0,0,895,1295,1550,0,500,750,1195,0,0,0,0,0,0,0,0,0,0,0,0,0,0,0,0,0,0,0,0,0001-01-01,0001-01-01
Padstow,0,830000,918500,977500,0,0,0,715500,0,450,540,650,0,0,440,520,0,0,0,0,0,0,0,0,0,0,0,0,0,0,0,0,0,0,0,0,0001-01-01,0001-01-01
Padstow Heights,0,0,905000,897500,0,0,0,0,0,450,580,750,0,0,0,0,0,0,0,0,0,0,0,0,0,0,0,0,0,0,0,0,0,0,0,0,0001-01-01,0001-01-01
Pagewood,0,0,0,0,0,0,0,0,0,0,790,925,0,590,675,895,0,0,0,0,0,0,0,0,0,0,0,0,0,0,0,0,0,0,0,0,0001-01-01,0001-01-01
Palm Beach,0,0,0,3625000,0,0,0,0,0,873,1000,1100,0,0,0,0,0,0,0,0,0,0,0,0,0,0,0,0,0,0,0,0,0,0,0,0,0001-01-01,0001-01-01
Panania,0,0,917500,987500,0,0,0,0,0,450,540,690,0,0,420,0,0,0,0,0,0,0,0,0,0,0,0,0,0,0,0,0,0,0,0,0,0001-01-01,0001-01-01
Parklea,0,0,0,850000,0,0,0,0,0,0,0,590,0,0,0,0,0,0,0,0,0,0,0,0,0,0,0,0,0,0,0,0,0,0,0,0,0001-01-01,0001-01-01
Parramatta,0,0,890000,0,0,495000,620500,705000,0,450,500,588,0,440,490,580,0,0,0,0,0,0,0,0,0,0,0,0,0,0,0,0,0,0,0,0,0001-01-01,0001-01-01
Peakhurst,0,759000,976500,1030000,0,0,0,855000,0,450,560,750,0,400,500,620,0,0,0,0,0,0,0,0,0,0,0,0,0,0,0,0,0,0,0,0,0001-01-01,0001-01-01
Peakhurst Heights,0,0,1075000,0,0,0,0,0,0,0,0,0,0,0,0,0,0,0,0,0,0,0,0,0,0,0,0,0,0,0,0,0,0,0,0,0,0001-01-01,0001-01-01
Pemulwuy,0,0,0,952500,0,0,545000,0,0,0,583,650,0,0,453,0,0,0,0,0,0,0,0,0,0,0,0,0,0,0,0,0,0,0,0,0,0001-01-01,0001-01-01
Pendle Hill,0,0,830000,850000,0,0,500000,0,0,420,480,550,0,0,410,475,0,0,0,0,0,0,0,0,0,0,0,0,0,0,0,0,0,0,0,0,0001-01-01,0001-01-01
Pennant Hills,0,0,1140000,1417500,0,0,0,1071500,0,470,600,760,0,400,490,630,0,0,0,0,0,0,0,0,0,0,0,0,0,0,0,0,0,0,0,0,0001-01-01,0001-01-01
Penrith,0,550000,634000,698000,0,0,385000,530875,0,350,400,540,0,350,380,400,0,0,0,0,0,0,0,0,0,0,0,0,0,0,0,0,0,0,0,0,0001-01-01,0001-01-01
Penshurst,0,0,1124000,1382500,0,0,542500,862500,0,500,600,650,0,375,440,530,0,0,0,0,0,0,0,0,0,0,0,0,0,0,0,0,0,0,0,0,0001-01-01,0001-01-01
Petersham,0,1147500,1355000,0,0,512500,865000,0,0,650,820,1025,0,420,550,665,0,0,0,0,0,0,0,0,0,0,0,0,0,0,0,0,0,0,0,0,0001-01-01,0001-01-01
Phillip Bay,0,0,0,0,0,0,0,0,0,0,0,0,0,0,0,0,0,0,0,0,0,0,0,0,0,0,0,0,0,0,0,0,0,0,0,0,0001-01-01,0001-01-01
Picnic Point,0,0,891250,1100000,0,0,0,0,0,0,560,713,0,0,0,0,0,0,0,0,0,0,0,0,0,0,0,0,0,0,0,0,0,0,0,0,0001-01-01,0001-01-01
Pitt Town,0,0,0,1220000,0,0,0,0,0,0,425,670,0,0,0,0,0,0,0,0,0,0,0,0,0,0,0,0,0,0,0,0,0,0,0,0,0001-01-01,0001-01-01
Pleasure Point,0,0,0,0,0,0,0,0,0,0,0,0,0,0,0,0,0,0,0,0,0,0,0,0,0,0,0,0,0,0,0,0,0,0,0,0,0001-01-01,0001-01-01
Plumpton,0,0,622500,685000,0,0,0,525000,0,360,430,500,0,0,0,470,0,0,0,0,0,0,0,0,0,0,0,0,0,0,0,0,0,0,0,0,0001-01-01,0001-01-01
Point Piper,0,0,0,0,0,0,0,4655000,0,0,0,0,0,0,850,1250,0,0,0,0,0,0,0,0,0,0,0,0,0,0,0,0,0,0,0,0,0001-01-01,0001-01-01
Port Botany,0,0,0,0,0,0,0,0,0,0,0,0,0,0,0,0,0,0,0,0,0,0,0,0,0,0,0,0,0,0,0,0,0,0,0,0,0001-01-01,0001-01-01
Potts Hill,0,0,0,0,0,0,0,0,0,0,0,0,0,0,498,570,0,0,0,0,0,0,0,0,0,0,0,0,0,0,0,0,0,0,0,0,0001-01-01,0001-01-01
Potts Point,0,0,0,0,0,620000,1130000,4125000,0,0,0,0,0,550,840,1250,0,0,0,0,0,0,0,0,0,0,0,0,0,0,0,0,0,0,0,0,0001-01-01,0001-01-01
Prairiewood,0,0,0,0,0,0,0,0,0,0,480,0,0,0,0,0,0,0,0,0,0,0,0,0,0,0,0,0,0,0,0,0,0,0,0,0,0001-01-01,0001-01-01
Prestons,0,0,690000,770000,0,0,0,0,0,360,453,530,0,0,0,440,0,0,0,0,0,0,0,0,0,0,0,0,0,0,0,0,0,0,0,0,0001-01-01,0001-01-01
Prospect,0,0,680000,849990,0,0,0,0,0,360,440,550,0,0,0,0,0,0,0,0,0,0,0,0,0,0,0,0,0,0,0,0,0,0,0,0,0001-01-01,0001-01-01
Punchbowl,0,775000,862750,835000,0,0,445000,0,0,425,550,650,0,300,390,530,0,0,0,0,0,0,0,0,0,0,0,0,0,0,0,0,0,0,0,0,0001-01-01,0001-01-01
Putney,0,0,1625000,0,0,0,0,0,0,0,750,1055,0,0,0,0,0,0,0,0,0,0,0,0,0,0,0,0,0,0,0,0,0,0,0,0,0001-01-01,0001-01-01
Pymble,0,992500,1805000,2100000,0,0,801000,1150000,0,0,775,1100,0,470,600,775,0,0,0,0,0,0,0,0,0,0,0,0,0,0,0,0,0,0,0,0,0001-01-01,0001-01-01
Pyrmont,0,0,0,0,0,695000,1150000,2680000,0,773,1350,0,0,590,800,1270,0,0,0,0,0,0,0,0,0,0,0,0,0,0,0,0,0,0,0,0,0001-01-01,0001-01-01
Quakers Hill,0,0,710000,805000,0,0,0,637500,0,383,460,540,0,0,400,450,0,0,0,0,0,0,0,0,0,0,0,0,0,0,0,0,0,0,0,0,0001-01-01,0001-01-01
Queens Park,0,0,2545000,3175000,0,0,0,0,0,975,1283,1500,0,580,700,0,0,0,0,0,0,0,0,0,0,0,0,0,0,0,0,0,0,0,0,0,0001-01-01,0001-01-01
Queenscliff,0,0,0,0,0,770050,962500,1510000,0,0,0,0,0,548,675,1200,0,0,0,0,0,0,0,0,0,0,0,0,0,0,0,0,0,0,0,0,0001-01-01,0001-01-01
Raby,0,0,620000,670000,0,0,0,0,0,350,420,490,0,0,0,0,0,0,0,0,0,0,0,0,0,0,0,0,0,0,0,0,0,0,0,0,0001-01-01,0001-01-01
Ramsgate,0,0,0,0,0,0,0,0,0,0,595,0,0,478,575,0,0,0,0,0,0,0,0,0,0,0,0,0,0,0,0,0,0,0,0,0,0001-01-01,0001-01-01
Ramsgate Beach,0,0,0,0,0,0,650000,950000,0,570,690,0,0,0,450,620,0,0,0,0,0,0,0,0,0,0,0,0,0,0,0,0,0,0,0,0,0001-01-01,0001-01-01
Randwick,0,2007500,2250000,2587500,0,690000,945000,1480000,0,770,1000,1300,0,515,630,900,0,0,0,0,0,0,0,0,0,0,0,0,0,0,0,0,0,0,0,0,0001-01-01,0001-01-01
Redfern,0,1210000,1595000,0,0,680000,970000,1180000,0,690,898,1100,0,550,720,885,0,0,0,0,0,0,0,0,0,0,0,0,0,0,0,0,0,0,0,0,0001-01-01,0001-01-01
Regents Park,0,0,0,0,0,0,0,0,0,400,480,0,0,0,398,0,0,0,0,0,0,0,0,0,0,0,0,0,0,0,0,0,0,0,0,0,0001-01-01,0001-01-01
Regentville,0,0,0,0,0,0,0,0,0,0,420,0,0,0,0,0,0,0,0,0,0,0,0,0,0,0,0,0,0,0,0,0,0,0,0,0,0001-01-01,0001-01-01
Revesby,0,942500,932000,1017500,0,0,0,759000,0,440,520,670,0,0,450,550,0,0,0,0,0,0,0,0,0,0,0,0,0,0,0,0,0,0,0,0,0001-01-01,0001-01-01
Revesby Heights,0,0,0,0,0,0,0,0,0,0,540,720,0,0,0,0,0,0,0,0,0,0,0,0,0,0,0,0,0,0,0,0,0,0,0,0,0001-01-01,0001-01-01
Rhodes,0,0,0,0,0,670000,934000,1560000,0,0,710,0,0,530,670,890,0,0,0,0,0,0,0,0,0,0,0,0,0,0,0,0,0,0,0,0,0001-01-01,0001-01-01
Richmond,0,0,690000,0,0,0,420000,600000,0,350,430,490,0,250,340,450,0,0,0,0,0,0,0,0,0,0,0,0,0,0,0,0,0,0,0,0,0001-01-01,0001-01-01
Riverstone,0,0,695000,775000,0,0,0,0,0,380,450,540,0,0,320,0,0,0,0,0,0,0,0,0,0,0,0,0,0,0,0,0,0,0,0,0,0001-01-01,0001-01-01
Riverview,0,0,0,2272500,0,0,0,0,0,0,0,0,0,0,0,0,0,0,0,0,0,0,0,0,0,0,0,0,0,0,0,0,0,0,0,0,0001-01-01,0001-01-01
Riverwood,0,0,939000,1098890,0,0,598000,720500,0,450,565,640,0,400,500,560,0,0,0,0,0,0,0,0,0,0,0,0,0,0,0,0,0,0,0,0,0001-01-01,0001-01-01
Rockdale,0,0,1055000,0,0,537500,649000,746500,0,520,645,695,0,460,550,630,0,0,0,0,0,0,0,0,0,0,0,0,0,0,0,0,0,0,0,0,0001-01-01,0001-01-01
Rodd Point,0,0,0,0,0,0,0,0,0,0,0,0,0,0,0,0,0,0,0,0,0,0,0,0,0,0,0,0,0,0,0,0,0,0,0,0,0001-01-01,0001-01-01
Rookwood,0,0,0,0,0,0,0,0,0,0,0,0,0,0,0,0,0,0,0,0,0,0,0,0,0,0,0,0,0,0,0,0,0,0,0,0,0001-01-01,0001-01-01
Rooty Hill,0,0,640000,687500,0,0,0,597000,0,360,430,520,0,0,370,445,0,0,0,0,0,0,0,0,0,0,0,0,0,0,0,0,0,0,0,0,0001-01-01,0001-01-01
Ropes Crossing,0,0,650000,685000,0,0,0,0,0,0,450,510,0,0,0,0,0,0,0,0,0,0,0,0,0,0,0,0,0,0,0,0,0,0,0,0,0001-01-01,0001-01-01
Rose Bay,0,0,2975000,4435000,0,650000,1050000,2100000,0,850,1275,2000,0,530,680,1165,0,0,0,0,0,0,0,0,0,0,0,0,0,0,0,0,0,0,0,0,0001-01-01,0001-01-01
Rosebery,0,995000,1710000,1760000,0,650000,810000,0,0,620,870,950,0,550,700,950,0,0,0,0,0,0,0,0,0,0,0,0,0,0,0,0,0,0,0,0,0001-01-01,0001-01-01
Rosehill,0,0,0,0,0,293500,525000,0,0,0,490,0,0,390,460,568,0,0,0,0,0,0,0,0,0,0,0,0,0,0,0,0,0,0,0,0,0001-01-01,0001-01-01
Roselands,0,0,910000,1085000,0,0,470000,687500,0,490,550,675,0,420,400,550,0,0,0,0,0,0,0,0,0,0,0,0,0,0,0,0,0,0,0,0,0001-01-01,0001-01-01
Rosemeadow,0,0,551000,612500,0,0,0,495000,0,330,390,450,0,0,320,0,0,0,0,0,0,0,0,0,0,0,0,0,0,0,0,0,0,0,0,0,0001-01-01,0001-01-01
Roseville,0,0,2106500,2550000,0,0,941000,1310000,0,0,820,1220,0,480,620,816,0,0,0,0,0,0,0,0,0,0,0,0,0,0,0,0,0,0,0,0,0001-01-01,0001-01-01
Roseville Chase,0,0,0,0,0,0,0,0,0,0,0,0,0,0,0,0,0,0,0,0,0,0,0,0,0,0,0,0,0,0,0,0,0,0,0,0,0001-01-01,0001-01-01
Rossmore,0,0,0,0,0,0,0,0,0,0,465,600,0,0,0,0,0,0,0,0,0,0,0,0,0,0,0,0,0,0,0,0,0,0,0,0,0001-01-01,0001-01-01
Rouse Hill,0,0,0,1032000,0,0,0,0,0,0,590,600,0,430,540,610,0,0,0,0,0,0,0,0,0,0,0,0,0,0,0,0,0,0,0,0,0001-01-01,0001-01-01
Royal National Park,0,0,0,0,0,0,0,0,0,0,0,0,0,0,0,0,0,0,0,0,0,0,0,0,0,0,0,0,0,0,0,0,0,0,0,0,0001-01-01,0001-01-01
Rozelle,0,1237500,1600000,2000000,0,737500,1360000,1460000,0,750,945,1273,0,550,750,1200,0,0,0,0,0,0,0,0,0,0,0,0,0,0,0,0,0,0,0,0,0001-01-01,0001-01-01
Ruse,0,0,575500,620000,0,0,0,0,0,0,420,475,0,0,0,0,0,0,0,0,0,0,0,0,0,0,0,0,0,0,0,0,0,0,0,0,0001-01-01,0001-01-01
Rushcutters Bay,0,0,0,0,0,697500,1601000,0,0,0,0,0,0,580,830,1250,0,0,0,0,0,0,0,0,0,0,0,0,0,0,0,0,0,0,0,0,0001-01-01,0001-01-01
Russell Lea,0,0,1682000,0,0,0,0,0,0,0,850,0,0,335,550,0,0,0,0,0,0,0,0,0,0,0,0,0,0,0,0,0,0,0,0,0,0001-01-01,0001-01-01
Rydalmere,0,0,1055000,0,0,0,0,750000,0,295,495,700,0,300,450,500,0,0,0,0,0,0,0,0,0,0,0,0,0,0,0,0,0,0,0,0,0001-01-01,0001-01-01
Ryde,0,1129000,1320000,1700000,0,555000,650000,1055000,0,500,675,850,0,460,560,700,0,0,0,0,0,0,0,0,0,0,0,0,0,0,0,0,0,0,0,0,0001-01-01,0001-01-01
Sackville,0,0,0,0,0,0,0,0,0,0,0,0,0,0,0,0,0,0,0,0,0,0,0,0,0,0,0,0,0,0,0,0,0,0,0,0,0001-01-01,0001-01-01
Sackville North,0,0,0,0,0,0,0,0,0,0,0,0,0,0,0,0,0,0,0,0,0,0,0,0,0,0,0,0,0,0,0,0,0,0,0,0,0001-01-01,0001-01-01
Sadleir,0,0,650000,0,0,0,0,0,0,365,410,0,0,0,0,0,0,0,0,0,0,0,0,0,0,0,0,0,0,0,0,0,0,0,0,0,0001-01-01,0001-01-01
Sandringham,0,0,0,0,0,0,0,0,0,0,0,0,0,0,450,0,0,0,0,0,0,0,0,0,0,0,0,0,0,0,0,0,0,0,0,0,0001-01-01,0001-01-01
Sandy Point,0,0,0,0,0,0,0,0,0,0,0,0,0,0,0,0,0,0,0,0,0,0,0,0,0,0,0,0,0,0,0,0,0,0,0,0,0001-01-01,0001-01-01
Sans Souci,0,0,1285000,1625000,0,0,717500,960000,0,543,650,850,0,500,450,708,0,0,0,0,0,0,0,0,0,0,0,0,0,0,0,0,0,0,0,0,0001-01-01,0001-01-01
Scheyville,0,0,0,0,0,0,0,0,0,0,0,0,0,0,0,0,0,0,0,0,0,0,0,0,0,0,0,0,0,0,0,0,0,0,0,0,0001-01-01,0001-01-01
Schofields,0,0,717000,821750,0,0,0,0,0,385,490,560,0,0,423,500,0,0,0,0,0,0,0,0,0,0,0,0,0,0,0,0,0,0,0,0,0001-01-01,0001-01-01
Scotland Island,0,0,0,0,0,0,0,0,0,0,0,0,0,0,0,0,0,0,0,0,0,0,0,0,0,0,0,0,0,0,0,0,0,0,0,0,0001-01-01,0001-01-01
Seaforth,0,0,2150000,2652500,0,0,0,0,0,0,978,1500,0,0,600,950,0,0,0,0,0,0,0,0,0,0,0,0,0,0,0,0,0,0,0,0,0001-01-01,0001-01-01
Sefton,0,0,771000,0,0,0,0,0,0,415,523,580,0,360,420,0,0,0,0,0,0,0,0,0,0,0,0,0,0,0,0,0,0,0,0,0,0001-01-01,0001-01-01
Seven Hills,0,618500,723000,810000,0,0,0,670000,0,380,430,500,0,275,390,500,0,0,0,0,0,0,0,0,0,0,0,0,0,0,0,0,0,0,0,0,0001-01-01,0001-01-01
Shalvey,0,0,510500,0,0,0,0,0,0,0,350,0,0,0,0,0,0,0,0,0,0,0,0,0,0,0,0,0,0,0,0,0,0,0,0,0,0001-01-01,0001-01-01
Shanes Park,0,0,0,0,0,0,0,0,0,0,0,0,0,0,0,0,0,0,0,0,0,0,0,0,0,0,0,0,0,0,0,0,0,0,0,0,0001-01-01,0001-01-01
Silverwater,0,0,0,0,0,0,0,0,0,423,485,0,0,360,480,555,0,0,0,0,0,0,0,0,0,0,0,0,0,0,0,0,0,0,0,0,0001-01-01,0001-01-01
Singletons Mill,0,0,0,0,0,0,0,0,0,0,0,0,0,0,0,0,0,0,0,0,0,0,0,0,0,0,0,0,0,0,0,0,0,0,0,0,0001-01-01,0001-01-01
Smeaton Grange,0,0,0,0,0,0,0,0,0,0,0,0,0,0,0,0,0,0,0,0,0,0,0,0,0,0,0,0,0,0,0,0,0,0,0,0,0001-01-01,0001-01-01
Smithfield,0,0,717500,726500,0,0,0,0,0,390,450,550,0,0,390,470,0,0,0,0,0,0,0,0,0,0,0,0,0,0,0,0,0,0,0,0,0001-01-01,0001-01-01
South Coogee,0,0,0,2525000,0,0,0,0,0,0,1150,1500,0,0,650,0,0,0,0,0,0,0,0,0,0,0,0,0,0,0,0,0,0,0,0,0,0001-01-01,0001-01-01
South Granville,0,0,755000,0,0,0,0,0,0,0,0,0,0,0,0,0,0,0,0,0,0,0,0,0,0,0,0,0,0,0,0,0,0,0,0,0,0001-01-01,0001-01-01
South Hurstville,0,0,1077500,0,0,0,590000,893500,0,460,600,650,0,0,490,595,0,0,0,0,0,0,0,0,0,0,0,0,0,0,0,0,0,0,0,0,0001-01-01,0001-01-01
South Maroota,0,0,0,0,0,0,0,0,0,0,0,0,0,0,0,0,0,0,0,0,0,0,0,0,0,0,0,0,0,0,0,0,0,0,0,0,0001-01-01,0001-01-01
South Penrith,0,0,635000,695000,0,0,0,0,0,350,430,500,0,0,350,0,0,0,0,0,0,0,0,0,0,0,0,0,0,0,0,0,0,0,0,0,0001-01-01,0001-01-01
South Turramurra,0,0,0,1561000,0,0,0,0,0,0,0,0,0,0,0,0,0,0,0,0,0,0,0,0,0,0,0,0,0,0,0,0,0,0,0,0,0001-01-01,0001-01-01
South Wentworthville,0,0,826000,900000,0,0,560000,670000,0,418,480,595,0,0,410,550,0,0,0,0,0,0,0,0,0,0,0,0,0,0,0,0,0,0,0,0,0001-01-01,0001-01-01
South Windsor,0,0,613500,675000,0,0,0,550000,0,345,420,483,0,0,330,423,0,0,0,0,0,0,0,0,0,0,0,0,0,0,0,0,0,0,0,0,0001-01-01,0001-01-01
Spring Farm,0,0,632750,705000,0,0,0,0,0,370,470,520,0,0,350,0,0,0,0,0,0,0,0,0,0,0,0,0,0,0,0,0,0,0,0,0,0001-01-01,0001-01-01
St Andrews,0,0,597500,640000,0,0,0,0,0,0,400,480,0,0,0,0,0,0,0,0,0,0,0,0,0,0,0,0,0,0,0,0,0,0,0,0,0001-01-01,0001-01-01
St Clair,0,0,0,0,0,0,0,0,0,0,0,0,0,0,0,0,0,0,0,0,0,0,0,0,0,0,0,0,0,0,0,0,0,0,0,0,0001-01-01,0001-01-01
St Helens Park,0,0,550000,629995,0,0,0,0,0,330,390,475,0,0,0,0,0,0,0,0,0,0,0,0,0,0,0,0,0,0,0,0,0,0,0,0,0001-01-01,0001-01-01
St Ives,0,0,1630000,1900000,0,0,872000,1377500,0,575,820,1100,0,475,630,778,0,0,0,0,0,0,0,0,0,0,0,0,0,0,0,0,0,0,0,0,0001-01-01,0001-01-01
St Ives Chase,0,0,0,1580000,0,0,0,0,0,0,0,0,0,0,0,0,0,0,0,0,0,0,0,0,0,0,0,0,0,0,0,0,0,0,0,0,0001-01-01,0001-01-01
St Johns Park,0,0,740000,870000,0,0,0,0,0,0,465,550,0,0,0,0,0,0,0,0,0,0,0,0,0,0,0,0,0,0,0,0,0,0,0,0,0001-01-01,0001-01-01
St Leonards,0,0,0,0,0,712500,1035000,1675000,0,0,785,1100,0,570,770,950,0,0,0,0,0,0,0,0,0,0,0,0,0,0,0,0,0,0,0,0,0001-01-01,0001-01-01
St Marys,0,490000,595250,650000,0,0,350000,520000,0,325,380,443,0,253,330,400,0,0,0,0,0,0,0,0,0,0,0,0,0,0,0,0,0,0,0,0,0001-01-01,0001-01-01
St Peters,0,1110000,1280000,0,0,0,0,0,0,675,795,1075,0,460,680,0,0,0,0,0,0,0,0,0,0,0,0,0,0,0,0,0,0,0,0,0,0001-01-01,0001-01-01
Stanhope Gardens,0,0,821000,940000,0,0,0,0,0,0,530,600,0,343,0,0,0,0,0,0,0,0,0,0,0,0,0,0,0,0,0,0,0,0,0,0,0001-01-01,0001-01-01
Stanmore,0,1310000,1587500,1615000,0,643000,780000,0,0,683,875,1225,0,440,550,825,0,0,0,0,0,0,0,0,0,0,0,0,0,0,0,0,0,0,0,0,0001-01-01,0001-01-01
Strathfield,0,0,1925000,2357500,0,500000,700000,943000,0,350,600,850,0,450,550,700,0,0,0,0,0,0,0,0,0,0,0,0,0,0,0,0,0,0,0,0,0001-01-01,0001-01-01
Strathfield South,0,0,1240000,0,0,0,521000,0,0,0,680,0,0,443,500,630,0,0,0,0,0,0,0,0,0,0,0,0,0,0,0,0,0,0,0,0,0001-01-01,0001-01-01
Summer Hill,0,1360000,1451500,2500000,0,585000,771000,0,0,620,788,0,0,420,520,690,0,0,0,0,0,0,0,0,0,0,0,0,0,0,0,0,0,0,0,0,0001-01-01,0001-01-01
Surry Hills,0,1226500,1726000,1900000,0,717500,1120000,2300000,0,750,1000,1200,0,590,800,1200,0,0,0,0,0,0,0,0,0,0,0,0,0,0,0,0,0,0,0,0,0001-01-01,0001-01-01
Sutherland,0,0,920000,0,0,460000,630000,850000,0,0,535,850,0,430,465,628,0,0,0,0,0,0,0,0,0,0,0,0,0,0,0,0,0,0,0,0,0001-01-01,0001-01-01
Sydenham,0,0,0,0,0,0,0,0,0,633,770,0,0,470,0,0,0,0,0,0,0,0,0,0,0,0,0,0,0,0,0,0,0,0,0,0,0001-01-01,0001-01-01
Sydney Olympic Park,0,0,0,0,0,0,755000,0,0,0,0,0,0,500,630,800,0,0,0,0,0,0,0,0,0,0,0,0,0,0,0,0,0,0,0,0,0001-01-01,0001-01-01
Sylvania,0,0,1106000,1200000,0,0,615000,1088750,0,480,665,840,0,0,440,693,0,0,0,0,0,0,0,0,0,0,0,0,0,0,0,0,0,0,0,0,0001-01-01,0001-01-01
Sylvania Waters,0,0,0,0,0,0,0,0,0,0,785,1200,0,0,520,525,0,0,0,0,0,0,0,0,0,0,0,0,0,0,0,0,0,0,0,0,0001-01-01,0001-01-01
Tamarama,0,0,0,0,0,0,1635000,0,0,0,2175,0,0,600,898,1450,0,0,0,0,0,0,0,0,0,0,0,0,0,0,0,0,0,0,0,0,0001-01-01,0001-01-01
Taren Point,0,0,0,0,0,0,0,0,0,0,0,0,0,0,0,0,0,0,0,0,0,0,0,0,0,0,0,0,0,0,0,0,0,0,0,0,0001-01-01,0001-01-01
Telopea,0,0,0,0,0,0,0,718344,0,0,490,680,0,350,410,530,0,0,0,0,0,0,0,0,0,0,0,0,0,0,0,0,0,0,0,0,0001-01-01,0001-01-01
Tempe,0,0,1190000,0,0,0,0,0,0,600,655,900,0,350,0,0,0,0,0,0,0,0,0,0,0,0,0,0,0,0,0,0,0,0,0,0,0001-01-01,0001-01-01
Tennyson Point,0,0,0,0,0,0,0,0,0,0,0,0,0,0,0,0,0,0,0,0,0,0,0,0,0,0,0,0,0,0,0,0,0,0,0,0,0001-01-01,0001-01-01
Terrey Hills,0,0,0,1568000,0,0,0,0,0,0,875,1095,0,0,0,0,0,0,0,0,0,0,0,0,0,0,0,0,0,0,0,0,0,0,0,0,0001-01-01,0001-01-01
The Ponds,0,0,822000,1020000,0,0,0,0,0,0,580,630,0,0,0,0,0,0,0,0,0,0,0,0,0,0,0,0,0,0,0,0,0,0,0,0,0001-01-01,0001-01-01
The Rocks,0,0,0,0,0,0,0,0,0,0,0,0,0,0,0,0,0,0,0,0,0,0,0,0,0,0,0,0,0,0,0,0,0,0,0,0,0001-01-01,0001-01-01
Thornleigh,0,0,1067500,1270000,0,0,0,0,0,480,595,700,0,300,500,600,0,0,0,0,0,0,0,0,0,0,0,0,0,0,0,0,0,0,0,0,0001-01-01,0001-01-01
Toongabbie,0,0,789000,850000,0,0,527000,652500,0,400,460,540,0,400,425,510,0,0,0,0,0,0,0,0,0,0,0,0,0,0,0,0,0,0,0,0,0001-01-01,0001-01-01
Tregear,0,0,480000,0,0,0,0,0,0,295,330,385,0,0,0,0,0,0,0,0,0,0,0,0,0,0,0,0,0,0,0,0,0,0,0,0,0001-01-01,0001-01-01
Turramurra,0,0,1750000,1925000,0,0,782000,1190000,0,450,720,905,0,450,575,790,0,0,0,0,0,0,0,0,0,0,0,0,0,0,0,0,0,0,0,0,0001-01-01,0001-01-01
Turrella,0,0,0,0,0,0,680500,0,0,0,0,0,0,500,600,0,0,0,0,0,0,0,0,0,0,0,0,0,0,0,0,0,0,0,0,0,0001-01-01,0001-01-01
Ultimo,0,0,0,0,0,535000,940000,0,0,720,800,0,0,560,750,1000,0,0,0,0,0,0,0,0,0,0,0,0,0,0,0,0,0,0,0,0,0001-01-01,0001-01-01
Varroville,0,0,0,0,0,0,0,0,0,0,0,0,0,0,0,0,0,0,0,0,0,0,0,0,0,0,0,0,0,0,0,0,0,0,0,0,0001-01-01,0001-01-01
Vaucluse,0,0,3600000,4825000,0,0,1155000,1533500,0,0,1450,2200,0,515,690,850,0,0,0,0,0,0,0,0,0,0,0,0,0,0,0,0,0,0,0,0,0001-01-01,0001-01-01
Villawood,0,0,710000,786500,0,0,0,0,0,400,465,0,0,0,0,0,0,0,0,0,0,0,0,0,0,0,0,0,0,0,0,0,0,0,0,0,0001-01-01,0001-01-01
Vineyard,0,0,0,0,0,0,0,0,0,0,0,0,0,0,0,0,0,0,0,0,0,0,0,0,0,0,0,0,0,0,0,0,0,0,0,0,0001-01-01,0001-01-01
Voyager Point,0,0,0,0,0,0,0,0,0,0,0,0,0,0,0,0,0,0,0,0,0,0,0,0,0,0,0,0,0,0,0,0,0,0,0,0,0001-01-01,0001-01-01
Wahroonga,0,0,1440000,1775000,0,0,745000,1070000,0,480,698,950,0,440,548,690,0,0,0,0,0,0,0,0,0,0,0,0,0,0,0,0,0,0,0,0,0001-01-01,0001-01-01
Waitara,0,0,0,0,0,533333,680000,847500,0,0,0,0,0,440,530,650,0,0,0,0,0,0,0,0,0,0,0,0,0,0,0,0,0,0,0,0,0001-01-01,0001-01-01
Wakeley,0,0,0,0,0,0,0,0,0,400,470,0,0,0,0,0,0,0,0,0,0,0,0,0,0,0,0,0,0,0,0,0,0,0,0,0,0001-01-01,0001-01-01
Wallacia,0,0,0,0,0,0,0,0,0,0,440,0,0,0,0,0,0,0,0,0,0,0,0,0,0,0,0,0,0,0,0,0,0,0,0,0,0001-01-01,0001-01-01
Wareemba,0,0,0,0,0,0,0,0,0,0,785,0,0,0,550,0,0,0,0,0,0,0,0,0,0,0,0,0,0,0,0,0,0,0,0,0,0001-01-01,0001-01-01
Warrawee,0,0,0,0,0,0,749000,0,0,0,0,0,0,0,580,0,0,0,0,0,0,0,0,0,0,0,0,0,0,0,0,0,0,0,0,0,0001-01-01,0001-01-01
Warriewood,0,0,1323000,1535000,0,0,875000,1100000,0,660,875,1200,0,0,700,840,0,0,0,0,0,0,0,0,0,0,0,0,0,0,0,0,0,0,0,0,0001-01-01,0001-01-01
Warwick Farm,0,0,0,0,0,0,410000,0,0,0,410,0,0,360,350,485,0,0,0,0,0,0,0,0,0,0,0,0,0,0,0,0,0,0,0,0,0001-01-01,0001-01-01
Waterfall,0,0,0,0,0,0,0,0,0,0,0,0,0,0,0,0,0,0,0,0,0,0,0,0,0,0,0,0,0,0,0,0,0,0,0,0,0001-01-01,0001-01-01
Waterloo,0,0,0,0,0,632000,889000,1227500,0,690,838,0,0,560,760,1000,0,0,0,0,0,0,0,0,0,0,0,0,0,0,0,0,0,0,0,0,0001-01-01,0001-01-01
Watsons Bay,0,0,0,0,0,0,0,0,0,0,0,0,0,0,0,0,0,0,0,0,0,0,0,0,0,0,0,0,0,0,0,0,0,0,0,0,0001-01-01,0001-01-01
Wattle Grove,0,0,775000,892750,0,0,0,0,0,400,510,580,0,0,0,0,0,0,0,0,0,0,0,0,0,0,0,0,0,0,0,0,0,0,0,0,0001-01-01,0001-01-01
Waverley,0,0,2142500,2512500,0,611500,1060000,0,0,0,1238,1750,0,500,670,1100,0,0,0,0,0,0,0,0,0,0,0,0,0,0,0,0,0,0,0,0,0001-01-01,0001-01-01
Waverton,0,0,0,0,0,0,1070000,0,0,0,1013,0,0,510,650,880,0,0,0,0,0,0,0,0,0,0,0,0,0,0,0,0,0,0,0,0,0001-01-01,0001-01-01
Wedderburn,0,0,0,0,0,0,0,0,0,0,0,0,0,0,0,0,0,0,0,0,0,0,0,0,0,0,0,0,0,0,0,0,0,0,0,0,0001-01-01,0001-01-01
Wentworth Point,0,0,0,0,0,552000,715000,1189000,0,0,0,0,0,470,570,770,0,0,0,0,0,0,0,0,0,0,0,0,0,0,0,0,0,0,0,0,0001-01-01,0001-01-01
Wentworthville,0,860500,901500,930000,0,0,580000,700000,0,425,480,580,0,420,425,535,0,0,0,0,0,0,0,0,0,0,0,0,0,0,0,0,0,0,0,0,0001-01-01,0001-01-01
Werrington,0,0,585500,622500,0,0,362475,499500,0,310,390,520,0,0,300,380,0,0,0,0,0,0,0,0,0,0,0,0,0,0,0,0,0,0,0,0,0001-01-01,0001-01-01
Werrington County,0,0,627500,717500,0,0,0,0,0,328,410,480,0,0,0,0,0,0,0,0,0,0,0,0,0,0,0,0,0,0,0,0,0,0,0,0,0001-01-01,0001-01-01
Werrington Downs,0,0,602500,660000,0,0,0,0,0,0,450,540,0,0,0,0,0,0,0,0,0,0,0,0,0,0,0,0,0,0,0,0,0,0,0,0,0001-01-01,0001-01-01
West Hoxton,0,0,0,805000,0,0,0,0,0,380,480,570,0,0,0,0,0,0,0,0,0,0,0,0,0,0,0,0,0,0,0,0,0,0,0,0,0001-01-01,0001-01-01
West Pennant Hills,0,0,1140000,1560000,0,0,0,1020000,0,450,600,745,0,0,430,408,0,0,0,0,0,0,0,0,0,0,0,0,0,0,0,0,0,0,0,0,0001-01-01,0001-01-01
West Pymble,0,0,1447000,1660000,0,0,0,0,0,0,770,900,0,0,0,0,0,0,0,0,0,0,0,0,0,0,0,0,0,0,0,0,0,0,0,0,0001-01-01,0001-01-01
West Ryde,0,0,1340000,1567500,0,455000,595000,980000,0,480,613,700,0,365,430,600,0,0,0,0,0,0,0,0,0,0,0,0,0,0,0,0,0,0,0,0,0001-01-01,0001-01-01
Westleigh,0,0,0,1226000,0,0,0,0,0,0,0,750,0,0,0,0,0,0,0,0,0,0,0,0,0,0,0,0,0,0,0,0,0,0,0,0,0001-01-01,0001-01-01
Westmead,0,645000,0,0,0,0,558000,640000,0,450,495,665,0,410,450,519,0,0,0,0,0,0,0,0,0,0,0,0,0,0,0,0,0,0,0,0,0001-01-01,0001-01-01
Wetherill Park,0,0,765000,801500,0,0,0,0,0,400,475,540,0,0,0,500,0,0,0,0,0,0,0,0,0,0,0,0,0,0,0,0,0,0,0,0,0001-01-01,0001-01-01
Whalan,0,0,480000,0,0,0,0,0,0,300,340,420,0,0,330,0,0,0,0,0,0,0,0,0,0,0,0,0,0,0,0,0,0,0,0,0,0001-01-01,0001-01-01
Wheeler Heights,0,0,0,1420000,0,0,0,0,0,0,895,0,0,0,0,0,0,0,0,0,0,0,0,0,0,0,0,0,0,0,0,0,0,0,0,0,0001-01-01,0001-01-01
Wiley Park,0,0,0,0,0,0,440000,0,0,430,530,630,0,295,365,440,0,0,0,0,0,0,0,0,0,0,0,0,0,0,0,0,0,0,0,0,0001-01-01,0001-01-01
Willmot,0,0,445000,0,0,0,0,0,0,270,325,0,0,0,0,0,0,0,0,0,0,0,0,0,0,0,0,0,0,0,0,0,0,0,0,0,0001-01-01,0001-01-01
Willoughby,0,1740000,2065000,2542500,0,512500,862500,0,0,740,900,1390,0,500,590,760,0,0,0,0,0,0,0,0,0,0,0,0,0,0,0,0,0,0,0,0,0001-01-01,0001-01-01
Willoughby East,0,0,2251000,3130000,0,0,0,0,0,0,0,0,0,0,0,0,0,0,0,0,0,0,0,0,0,0,0,0,0,0,0,0,0,0,0,0,0001-01-01,0001-01-01
Windsor,0,0,0,0,0,0,0,0,0,0,425,0,0,0,325,0,0,0,0,0,0,0,0,0,0,0,0,0,0,0,0,0,0,0,0,0,0001-01-01,0001-01-01
Windsor Downs,0,0,0,0,0,0,0,0,0,0,0,0,0,0,0,0,0,0,0,0,0,0,0,0,0,0,0,0,0,0,0,0,0,0,0,0,0001-01-01,0001-01-01
Winston Hills,0,0,900000,1055000,0,0,0,0,0,430,500,600,0,0,0,0,0,0,0,0,0,0,0,0,0,0,0,0,0,0,0,0,0,0,0,0,0001-01-01,0001-01-01
Wisemans Ferry,0,0,0,0,0,0,0,0,0,0,0,0,0,0,0,0,0,0,0,0,0,0,0,0,0,0,0,0,0,0,0,0,0,0,0,0,0001-01-01,0001-01-01
Wolli Creek,0,855000,0,0,0,605000,740000,0,0,0,0,0,0,520,650,880,0,0,0,0,0,0,0,0,0,0,0,0,0,0,0,0,0,0,0,0,0001-01-01,0001-01-01
Wollstonecraft,0,0,0,0,0,727000,985000,1405000,0,0,0,0,0,480,623,855,0,0,0,0,0,0,0,0,0,0,0,0,0,0,0,0,0,0,0,0,0001-01-01,0001-01-01
Woodbine,0,0,592500,0,0,0,0,0,0,0,400,490,0,0,0,0,0,0,0,0,0,0,0,0,0,0,0,0,0,0,0,0,0,0,0,0,0001-01-01,0001-01-01
Woodcroft,0,0,636250,766328,0,0,0,0,0,0,450,545,0,0,0,490,0,0,0,0,0,0,0,0,0,0,0,0,0,0,0,0,0,0,0,0,0001-01-01,0001-01-01
Woodpark,0,0,0,0,0,0,0,0,0,0,520,635,0,0,0,0,0,0,0,0,0,0,0,0,0,0,0,0,0,0,0,0,0,0,0,0,0001-01-01,0001-01-01
Woollahra,0,1865000,2967500,3290000,0,0,1185000,2042500,0,963,1400,2050,0,543,700,1195,0,0,0,0,0,0,0,0,0,0,0,0,0,0,0,0,0,0,0,0,0001-01-01,0001-01-01
Woolloomooloo,0,0,0,0,0,720000,1250000,0,0,726,0,0,0,623,830,1375,0,0,0,0,0,0,0,0,0,0,0,0,0,0,0,0,0,0,0,0,0001-01-01,0001-01-01
Woolooware,0,0,0,1745000,0,618000,752500,0,0,0,800,1050,0,500,630,915,0,0,0,0,0,0,0,0,0,0,0,0,0,0,0,0,0,0,0,0,0001-01-01,0001-01-01
Woolwich,0,0,0,0,0,0,0,0,0,0,0,0,0,0,0,0,0,0,0,0,0,0,0,0,0,0,0,0,0,0,0,0,0,0,0,0,0001-01-01,0001-01-01
Woronora,0,0,0,0,0,0,0,0,0,0,610,0,0,0,0,0,0,0,0,0,0,0,0,0,0,0,0,0,0,0,0,0,0,0,0,0,0001-01-01,0001-01-01
Woronora Heights,0,0,0,1041250,0,0,0,0,0,0,0,0,0,0,0,0,0,0,0,0,0,0,0,0,0,0,0,0,0,0,0,0,0,0,0,0,0001-01-01,0001-01-01
Yagoona,0,810000,817500,893500,0,0,535000,0,0,430,500,650,0,300,430,500,0,0,0,0,0,0,0,0,0,0,0,0,0,0,0,0,0,0,0,0,0001-01-01,0001-01-01
Yarramundi,0,0,0,0,0,0,0,0,0,0,0,0,0,0,0,0,0,0,0,0,0,0,0,0,0,0,0,0,0,0,0,0,0,0,0,0,0001-01-01,0001-01-01
Yarrawarrah,0,0,840000,985000,0,0,0,0,0,0,0,0,0,0,0,0,0,0,0,0,0,0,0,0,0,0,0,0,0,0,0,0,0,0,0,0,0001-01-01,0001-01-01
Yennora,0,0,0,0,0,0,0,0,0,360,0,0,0,0,0,0,0,0,0,0,0,0,0,0,0,0,0,0,0,0,0,0,0,0,0,0,0001-01-01,0001-01-01
Yowie Bay,0,0,0,1500000,0,0,0,0,0,0,0,0,0,0,0,0,0,0,0,0,0,0,0,0,0,0,0,0,0,0,0,0,0,0,0,0,0001-01-01,0001-01-01
Zetland,0,0,1380000,0,0,685000,915500,1500000,0,760,0,1300,0,600,775,1100,0,0,0,0,0,0,0,0,0,0,0,0,0,0,0,0,0,0,0,0,0001-01-01,0001-01-01
